place_id,nickname,content,date,situations,keywords,review_count,visit_count
1212319309,gae****,너무 맛있고 조용해서 좋았어요 시간도 넉넉히 있을 수 있어서 편하게 즐기다 가요!!,2025-04-09,"저녁에 방문, 예약 없이 이용, 대기 시간 바로 입장, 친목, 친구",음식이 맛있어요,8,1
1212319309,부자가 되고싶어요,분위기가 좋아요재료가 신선하고 건강한 맛입니다미나리 전이 향긋하네요,2025-04-09,"저녁에 방문, 예약 없이 이용, 대기 시간 바로 입장, 데이트, 연인・배우자",음식이 맛있어요,115,1
1212319309,hap****,성수에 이런 한식집이 있었네요. 깔끔하게 잘 먹고 왔고 다음에도 또 한번 갈 듯 합니다.,2025-04-09,"저녁에 방문, 예약 후 이용",음식이 맛있어요,162,1
1212319309,gy****,재료가 신선하고 건강한 맛입니다메뉴가 다양해서 좋아요.,2025-04-09,"저녁에 방문, 예약 없이 이용, 대기 시간 바로 입장, 친구",재료가 신선해요,45,1
1212319309,azs****,한식과 양식이 잘 어우러져서 독특하면서 맛있었어요!,2025-04-09,"저녁에 방문, 예약 없이 이용, 대기 시간 바로 입장, 데이트, 연인・배우자",인테리어가 멋져요,7,1
1212319309,긍정모드4642,맛있어요 ㅎㅎ 떡볶이랑 허브랑 조화가 이렇게 좋을 줄 상상도 못했네요 ㅎㅎ 묵은지 김밥도 안짜고 간이 맞아요 ㅎㅎ 궁중 라구 떡볶이 묵은지 감태 김밥 추천이요 ㅎㅎ,2025-04-09,"저녁에 방문, 예약 없이 이용, 대기 시간 바로 입장, 데이트, 연인・배우자",컨셉이 독특해요,20,1
1212319309,Hayleyyy,음식이 맛있어요!,2025-04-09,"점심에 방문, 예약 없이 이용, 대기 시간 30분 이내, 데이트, 연인・배우자",음식이 맛있어요,40,1
1212319309,디디27,,2025-04-09,"점심에 방문, 예약 후 이용, 대기 시간 바로 입장, 회식, 지인・동료",음식이 맛있어요,405,1
1212319309,농촌오리,디스플레이나 인테리어가 이뻐요.,2025-04-09,"점심에 방문, 예약 없이 이용, 대기 시간 바로 입장, 나들이, 부모님",인테리어가 멋져요,29,1
1212319309,whi****,와 너무 맛있어요!!특히 보리새우 미나리전이랑 묵은지 감태김밥이진짜 맛있었습니당ㅎㅎ 👍,2025-04-09,"점심에 방문, 예약 없이 이용, 대기 시간 바로 입장, 데이트, 연인・배우자",음식이 맛있어요,38,1
1212319309,som****,진짜 너무 맛있어요 다들 꼭 와주세요묵은지감태김밥 드셔보세요 육개볶음국수도요,2025-04-08,"저녁에 방문, 예약 없이 이용, 대기 시간 바로 입장, 데이트, 연인・배우자",인테리어가 멋져요,29,1
1212319309,philipsh001,들기름 막국수가 맛이 특이하고 고소해서 맛있어요.육회반상도 알찬 구성으로 맛있었어요,2025-04-08,"저녁에 방문, 예약 없이 이용, 대기 시간 바로 입장, 데이트, 연인・배우자",음식이 맛있어요,15,1
1212319309,nam****,모든 메뉴 너무넘 맛있어요 양도 엄청 많음 제 방문의사 100%,2025-04-08,"저녁에 방문, 예약 없이 이용, 대기 시간 바로 입장, 친목, 지인・동료",음식이 맛있어요,22,1
1212319309,12342346,음식모두 맛있었습니다.재방문의사 있습니다~,2025-04-08,"저녁에 방문, 예약 후 이용, 대기 시간 바로 입장, 데이트, 연인・배우자",음식이 맛있어요,63,1
1212319309,esc****,비주얼 좋고 맛도 좋아요,2025-04-08,"저녁에 방문, 예약 없이 이용, 대기 시간 바로 입장, 가족모임, 부모님",음식이 맛있어요,10,1
1212319309,lsoon,김밥은 맛있어요,2025-04-08,"저녁에 방문, 예약 후 이용, 대기 시간 바로 입장, 데이트, 연인・배우자",음식이 맛있어요,49,1
1212319309,qqc****,감태김밥 존맛탱,2025-04-08,"점심에 방문, 예약 후 이용, 친목, 친구",음식이 맛있어요,50,1
1212319309,dks****,음식은 맛있는데 나오는데 시간이 너무 걸려요 ㅠ,2025-04-07,"저녁에 방문, 예약 없이 이용, 대기 시간 1시간 이상, 데이트, 연인・배우자",음식이 맛있어요,3,1
1212319309,찍먹쓰,"묵은지 감태김밥(15,000원)과 성게 메밀 국수(21,000원) 주문예약을 하고 방문했음에도 불구하고 입장 시 대기해야 했고, 대기 중에도 별다른 안내가 없어 당황스러웠음. 직원분에게 예약 사실을 말씀드린 후에도 10분 대기 후 안내를 받을 수 있었음음식이 나오는 데 30분 이상 소요되었고, 이에 대한 사전 설명이나 안내가 전혀 없어 계속 기다릴 수밖에 없었음. 주문한 음식도 한 번에 나오지 않고 한 가지 메뉴를 모두 먹은 후에 다음 메뉴가 나오는 방식으로 제공되어 마치 코스 요리를 먹는듯 했음전반적으로 안내와 서비스 측면에서 많이 아쉬움",2025-04-07,"저녁에 방문, 예약 후 이용, 대기 시간 10분 이내, 데이트, 연인・배우자",,78,1
1212319309,kon****,너무너무 맛있어요!! 웨이팅을 좀 해서 기대감이 높아졌는데도 그 기대감에 충족하는 맛이었어요!!특히 묵은지감태김밥 너무 맛있고 육개볶음국수도 맛있었어요!! 다음에 방문한다면 전도 꼭 먹어보고 싶네용,2025-04-07,"저녁에 방문, 예약 없이 이용, 대기 시간 30분 이상, 친목, 친구",음식이 맛있어요,6,1
1212319309,oye****,"음식이 다 특별한데, 맛도 너무 좋고 분위기도 최고에요!",2025-04-07,"점심에 방문, 예약 없이 이용, 대기 시간 30분 이내, 친목, 친구",인테리어가 멋져요,18,1
1212319309,1023bora,대기가 조금 있었지만 맛있어요감태김밥 맛있고 다반에서만 먹을 수 있는 메뉴라서좋네요,2025-04-07,"점심에 방문, 예약 없이 이용, 대기 시간 30분 이내, 데이트, 나들이, 연인・배우자",재료가 신선해요,205,1
1212319309,할 수 있어요,매우 깔끔하고 정갈하고 음식 하나하나 모두 맛있었어요공간도 넓어서 쾌적하게 먹을 수 있었어요,2025-04-07,"점심에 방문, 예약 없이 이용, 대기 시간 10분 이내, 친목, 친구",음식이 맛있어요,25,1
1212319309,지지지지은,"다 맛 보고싶어서 세가지 메뉴나 주문했는데,, 양이 많더라구요 ! 히히 맛도 맛있었구 직원분들이 바쁘신데도 친절하셔서 더 기분좋게 식사했어요 ,,🙊💗 감사합니댜아아아",2025-04-07,"점심에 방문, 예약 후 이용, 대기 시간 바로 입장, 데이트, 연인・배우자",음식이 맛있어요,33,1
1212319309,jun****,고급지고 파인다이닝 느낌으로 재료가 신선하고 맛있어요 ㅎㅎ 잘 먹었습니다!!,2025-04-06,"저녁에 방문, 예약 후 이용, 대기 시간 바로 입장, 데이트, 연인・배우자",음식이 맛있어요,16,1
1212319309,hg10041,주말에 데이트 나왔는데 넘 맛잇구 좋았어용 깔끔하구 특이해서 또오고시픈맛❤️,2025-04-06,"저녁에 방문, 예약 없이 이용, 대기 시간 30분 이상, 데이트, 연인・배우자",음식이 맛있어요,62,1
1212319309,nami83,"감태김밥, 김치전, 성게메밀국수 시켰는데 정말 너무 맛있었어요! 특히 김밥이 정말 또 먹고싶은 맛이었고 성게알이 꽤나 신선해서 비린맛이 나지 않아서 좋았어요🫶🏻들기름막국수 평소에 좋아한다면 상위호환으로 메밀국수 엄청 추천합니다!!",2025-04-06,"저녁에 방문, 예약 없이 이용, 대기 시간 30분 이상, 데이트, 연인・배우자",음식이 맛있어요,26,1
1212319309,5_****,웨이팅 엄청 길지만 참고 먹을만 합니다! 메뉴다 괜찮아요👍,2025-04-06,"저녁에 방문, 예약 후 이용, 대기 시간 30분 이내, 데이트, 연인・배우자",음식이 맛있어요,10,1
1212319309,뉴14,김밥 아주 맛있고 타르트도 애피타티저로 매우 좋았어요 추천합니다,2025-04-06,"저녁에 방문, 예약 없이 이용, 대기 시간 30분 이내, 데이트, 연인・배우자",음식이 맛있어요,106,1
1212319309,kou****,너무 맛있게 먹었어요.특히 감태김밥 추천드려요!! 반상 종류별로 하나씩 시키려다가 김밥이 너무 맛있어보여서 시켰는데 후회없는 선택이었어요! 잘먹고 데이트 잘 하다가 갑니다~!,2025-04-06,"저녁에 방문, 예약 후 이용, 대기 시간 30분 이내, 데이트, 연인・배우자",특별한 메뉴가 있어요,12,1
1212319309,정태연81,주말 부모님모시고 나들이 나와서 방문했습니다. 자극적이거나 간이 세지않아서 만족했습니다. 특히 육개장을 재해석한 면요리가 특색있습니다.,2025-04-06,"점심에 방문, 예약 없이 이용, 대기 시간 10분 이내, 나들이, 부모님",음식이 맛있어요,19,1
1212319309,jin****,너무너무 맛있게 배부르게 잘 먹었습니다! 간이 세지 않고 적당해서 속 편하게 먹기 좋아요 데이트로도 친구랑도 추천합니다 ~~~ 😌,2025-04-06,"점심에 방문, 예약 없이 이용, 대기 시간 바로 입장, 데이트, 친구",인테리어가 멋져요,3,1
1212319309,이경석44,처음 와봤는데 맛있게 잘 먹었습니다,2025-04-06,"점심에 방문, 예약 후 이용, 대기 시간 30분 이내, 데이트, 연인・배우자",인테리어가 멋져요,8,1
1212319309,꺄울39,정말 맛있게 잘 먹었습니다. 감사합니다,2025-04-06,"점심에 방문, 예약 없이 이용, 대기 시간 10분 이내, 데이트, 연인・배우자",음식이 맛있어요,19,1
1212319309,고독한미친식가96,여자친구랑 갔는데 진짜 별로더라구요 밥은 딱딱하고 미역국은 기름진데 싱겁고 잡채는 기름덩어리고 ㄷㄷ 키위랑 파인애플 제로콜라만 먹고 나머진 다 쓰레기같아요 절대 가지마셈 가격도 겁나 비쌈,2025-04-06,"점심에 방문, 예약 후 이용, 대기 시간 30분 이내, 데이트, 연인・배우자",차분한 분위기에요,5,1
1212319309,조희원99,너무너무 맛있고 오늘은 친구랑 왔는데 혼밥하러 오기도 좋을 것 같아요,2025-04-06,"점심에 방문, 예약 없이 이용, 대기 시간 30분 이상, 친목, 나들이, 친구",음식이 맛있어요,7,1
1212319309,크리스탈7094,전체적으로 간이 슴슴해서 자극적이지않고 재료 맛을 충분히 느낄 수 있었어요아이랑 갔는데 큰 불편함도 없었구요! 메뉴 종류가 다양해서 좋아요맛있게 먹었습니다❤️,2025-04-06,"점심에 방문, 예약 후 이용, 대기 시간 30분 이내, 나들이, 아이",건강한 맛이에요,53,1
1212319309,수야야22,맛있오요 👍🏻👍🏻 데이트하기 좋아요!!,2025-04-06,"점심에 방문, 예약 후 이용, 대기 시간 30분 이상, 데이트, 연인・배우자",인테리어가 멋져요,35,1
1212319309,샛별268,묵은지 감태김밥 식감과 맛이 다채로우면서도 조화롭고성게메밀국수는 재료 본연의 맛들이 잘 느껴지는 슴슴하지만 감칠맛 있는 맛입니다.보리새우 미나리전은 밀가루가 거의 없이 바삭하게 부쳐내서 향긋한 미나리와 바삭하고 고소한 보리새우의 조합이 좋습니다!모든 메뉴가 다 맛있었어요.,2025-04-06,"점심에 방문, 예약 없이 이용, 대기 시간 10분 이내, 데이트, 연인・배우자",음식이 맛있어요,55,1
1212319309,빼꼬믜,메뉴 전부 특색있고 맛있네요 :)웨이팅 한 보람이 있었어요ㅎㅎㅎ성수맛집 인정❤️,2025-04-06,"점심에 방문, 예약 후 이용, 대기 시간 30분 이상, 데이트, 연인・배우자",친절해요,162,1
1212319309,하하하8150,감태김밥 넘 맛있어요 추천!!,2025-04-06,"점심에 방문, 예약 후 이용, 대기 시간 10분 이내, 일상, 친구",음식이 맛있어요,31,1
1212319309,par****,맛잇게 먹고 가요!,2025-04-06,"점심에 방문, 예약 후 이용, 대기 시간 30분 이내, 데이트, 연인・배우자",음식이 맛있어요,19,1
1212319309,검은콩우유,맛있어요 추천해요,2025-04-06,"점심에 방문, 예약 없이 이용, 대기 시간 30분 이내, 데이트, 연인・배우자",음식이 맛있어요,25,1
1212319309,깔끔한넘,#성수다반#성수맛집#육회비빔밥반상#반상맛집#재방문각#신선한재료일듯#회전속도빠름^^,2025-04-06,"점심에 방문, 예약 없이 이용, 대기 시간 30분 이내, 일상, 연인・배우자",음식이 맛있어요,519,1
1212319309,탐사정16,개맛잇어요,2025-04-06,"점심에 방문, 예약 후 이용, 대기 시간 바로 입장, 데이트, 연인・배우자",음식이 맛있어요,15,1
1212319309,sh2873,맛있게 잘먹었습니다,2025-04-05,"저녁에 방문, 예약 후 이용, 대기 시간 바로 입장, 데이트, 연인・배우자",음식이 맛있어요,11,1
1212319309,9misung9,담백하고 맛있어요!,2025-04-05,"점심에 방문, 예약 없이 이용, 대기 시간 바로 입장",음식이 맛있어요,22,1
1212319309,뿜뿜35,정갈하고 건강한 맛이에요!  나오는데 오래걸리지만 잘 먹었습니다~,2025-04-05,"점심에 방문, 예약 없이 이용, 대기 시간 바로 입장, 친목, 친구",특별한 메뉴가 있어요,19,1
1212319309,Jjjjim,,2025-04-04,"저녁에 방문, 예약 없이 이용, 대기 시간 바로 입장, 데이트, 친구",특별한 메뉴가 있어요,46,1
1212319309,HYONEY,간도 세지않고 건강하면서도 맛있는 맛이에요!,2025-04-04,"저녁에 방문, 예약 없이 이용, 대기 시간 바로 입장, 데이트, 연인・배우자",음식이 맛있어요,16,1
1212319309,별명7245,성수 주민입니다. 서울숲 뒷길에서 먹은곳중에 제일 좋아요… 꼭 가세요 꼭…,2025-04-04,"점심에 방문, 예약 없이 이용, 대기 시간 바로 입장, 친목, 친구",인테리어가 멋져요,36,1
1212319309,싱글벙글싱글벙글,너무너무 맛있고 직원분들도 친절하세요 덕분에 멋진 데이트했어요,2025-04-04,"점심에 방문, 예약 없이 이용, 대기 시간 10분 이내, 데이트, 연인・배우자",음식이 맛있어요,7,1
1212319309,쟁이378,감태 김밥이 진짜 맛있었어요! 미나리전은 쏘쏘! 다음에 다시 가서 메밀 국수를 꼭 먹어보려구요~ 평일인데도 사람이 많아서 예약하고도 5분 정도 밖에서 대기했습니다! 추워서 따뜻한 물 요청하니까 바로 주셔서 감사했습니당!,2025-04-03,"저녁에 방문, 예약 후 이용, 대기 시간 10분 이내, 데이트, 연인・배우자",음식이 맛있어요,62,1
1212319309,gjt****,퓨전한식 처음 먹어보는데 너무 맛있어서 공기밥도 시켰어요! 공기밥도 맛집인 것 같아요!🫶🏼 다음엔 반상 먹으러 또 올게요❤️,2025-04-03,"저녁에 방문, 예약 없이 이용, 대기 시간 바로 입장, 데이트, 연인・배우자",음식이 맛있어요,17,1
1212319309,이공오86,"안녕하세요. 맛집 검색 후, 첫 방문 이었습니다.둘이서 묵은지 감태 김밥, 성게 메밀국수, 보리 새우미나리전 이렇게 주문해서 먹었는데간도 세지않고 적당하고 너무 맛있게 먹었습니다.특히 묵은지 감태김밥 강추합니다.!!다음에도 또 방문하겠습니다.감사합니다.",2025-04-03,"점심에 방문, 예약 후 이용, 대기 시간 바로 입장, 데이트, 연인・배우자",건강한 맛이에요,5,1
1212319309,감초부인,짱,2025-04-02,"점심에 방문, 예약 후 이용, 대기 시간 10분 이내, 데이트, 연인・배우자",음식이 맛있어요,1753,1
1212319309,뿡빵5,"퓨전 한식 요리점이고요, 위층 미용실에서 머리 하면서 이 곳을 추천받았어요. 묵은지 감태 김밥을 주문했는데 겉절이도 맛있고 분위기도 아늑하고 좋았어요. 개인적으로 콜라보다 물이 더 맛있고 입에 맞았어요.",2025-04-01,"점심에 방문, 예약 없이 이용, 대기 시간 10분 이내, 나들이, 혼자",음식이 맛있어요,43,1
1212319309,S iron,음식맛있고 재방문해서 다른 메뉴먹어보고싶네요,2025-04-01,"점심에 방문, 예약 후 이용, 대기 시간 바로 입장, 데이트, 연인・배우자",음식이 맛있어요,18,1
1212319309,별님1004,성수맛집 네이버 검색하다가 발견한집 !2명이서 감태김밥과 메밀국수와 육회비빔밥배부르고 든든히 건강식 먹은 느낌이에요셋중에는 육회비빔밥이 제일 맛있었는데다음에 오면 안먹어본 메뉴도 먹고싶어요^^♡만족하고 갑니당~~~!!,2025-03-31,"점심에 방문, 예약 후 이용, 대기 시간 바로 입장, 친목, 친구",재료가 신선해요,360,1
1212319309,크러켓,분위기도 좋고 건강식 먹은 것 같아요~~,2025-03-31,"점심에 방문, 예약 없이 이용, 대기 시간 바로 입장, 데이트, 연인・배우자",음식이 맛있어요,23,1
1212319309,rn****,분위기가 좋았습니다^^,2025-03-30,"저녁에 방문, 예약 없이 이용, 대기 시간 바로 입장, 데이트, 연인・배우자",특별한 메뉴가 있어요,81,1
1212319309,nmc****,퓨전 한식이 먹도 싶었는데 음식 퀄리티도 좋고 맛있었어요!분위기도 아늑하고 편안해요:)일요일에 방문했는데 편안하게 먹을 수 있었어요,2025-03-30,"저녁에 방문, 예약 없이 이용, 대기 시간 바로 입장, 가족모임, 부모님",음식이 맛있어요,28,1
1212319309,채몽잉,분위기 넘 죠하요~~,2025-03-30,"점심에 방문, 예약 없이 이용, 대기 시간 바로 입장, 데이트, 연인・배우자",음식이 맛있어요,20,1
1212319309,유쟈롱,음식도 너무 맛있고 분위기가 좋았어요! 추천함니당,2025-03-29,"저녁에 방문, 예약 없이 이용, 대기 시간 10분 이내, 친목, 나들이, 친구",음식이 맛있어요,22,1
1212319309,ㅊㅇㅈ51,느좋 ㅠㅠ 다음에 또 올래용,2025-03-29,"저녁에 방문, 예약 없이 이용, 대기 시간 바로 입장, 친목, 친구",음식이 맛있어요,82,1
1212319309,dlg****,,2025-03-29,"점심에 방문, 예약 후 이용, 대기 시간 바로 입장, 데이트, 연인・배우자",음식이 맛있어요,28,1
1212319309,박현노,맛있었어요 서울숲오면 다음에 또 방문해야갰오요 ㅎㅎ,2025-03-29,"점심에 방문, 예약 없이 이용, 대기 시간 바로 입장, 데이트, 연인・배우자",음식이 맛있어요,19,1
1212319309,cle****,맛있게 잘 먹고 갑니다~!,2025-03-29,"점심에 방문, 예약 후 이용, 대기 시간 바로 입장, 데이트, 연인・배우자",인테리어가 멋져요,12,1
1212319309,oom****,맛있기 먹었습니다,2025-03-29,"점심에 방문, 예약 없이 이용, 대기 시간 바로 입장, 일상, 부모님",음식이 맛있어요,20,1
1212319309,son****,저는 묵은지 감태김밥이랑 트러플피순대를 먹었어요. 묵은지 감태김밥도 맛있었지만 트러플피순대가 정말 맛있었어요 직원분들도 완전 친절하세요,2025-03-29,"점심에 방문, 예약 없이 이용, 대기 시간 바로 입장, 데이트, 연인・배우자",음식이 맛있어요,25,1
1212319309,안농안농하세요,퓨전 음식점이다보니 음식 메뉴가 다 특색있어요!2명이서 3가지 음식 시켜 먹었는데 딱 기분좋게 배불리 먹을 수 있었어용 ㅎㅎ다 맛있어서 싹싹 긁어 먹고 나왔습니다😋😋가게 인테리어도 예쁘고 다음에 다른 메뉴도 먹으러 오고 싶어요!,2025-03-28,"저녁에 방문, 예약 없이 이용, 대기 시간 바로 입장, 친목, 기념일, 친구",인테리어가 멋져요,28,1
1212319309,yeo****,음식이 다 맛있어요….. 감태김밥은 계속 생각 날 맛이예요🥹,2025-03-28,"저녁에 방문, 예약 후 이용, 대기 시간 바로 입장, 친목, 친구, 부모님",음식이 맛있어요,7,2
1212319309,sgb****,정말 깔끔하고 음식이 너무 맛있어요!,2025-03-27,"저녁에 방문, 예약 없이 이용, 대기 시간 바로 입장, 나들이, 친구",매장이 넓어요,9,1
1212319309,저녱,전부터 와보고 싶었던 곳인데 너무너무 만족스럽게 먹고 갑니다 :) 묵은지 감태김밥은 꼭 드세요🤤 다음엔 한 상 메뉴 먹으러 와보려고요 !,2025-03-26,"저녁에 방문, 예약 후 이용",음식이 맛있어요,10,1
1212319309,bag****,음식이 깔끔하고 건강한 느낌이에요! 또 오고싶어요!,2025-03-26,"저녁에 방문, 예약 없이 이용, 대기 시간 바로 입장, 친목, 일상, 친구",음식이 맛있어요,9,1
1212319309,JENN92,잘 먹고 갑니다~ ㅎㅎ강아지 동반 가능해서 좋았어요,2025-03-26,"저녁에 방문, 예약 없이 이용, 대기 시간 바로 입장, 나들이, 부모님",인테리어가 멋져요,10,1
1212319309,gorhkd,김밥이 정말 맛있어요 다들 꼭 드세요,2025-03-26,"점심에 방문, 예약 후 이용, 대기 시간 10분 이내, 데이트, 연인・배우자",음식이 맛있어요,5,1
1212319309,Gemini1723,어머니 생신때 가족끼리 같이갔어요 일주일전에도 갔는데 엄마입맛에 맞아서 생신날 다시 왔어요~깔끔한 퓨전한식집! 감태김밥과 묵은지 등갈비 한살 추천합니다.,2025-03-25,"점심에 방문, 예약 후 이용, 대기 시간 바로 입장, 기념일, 부모님",음식이 맛있어요,5,2
1212319309,민물0,남자친구랑 둘이 갔는데 맛있어보이는 게 많아서 5개 시켜먹었네요ㅎㅎ 느좋이에요~,2025-03-24,"저녁에 방문, 예약 후 이용, 대기 시간 바로 입장, 데이트, 연인・배우자",음식이 맛있어요,13,1
1212319309,iressp8,너무 맛있고 메뉴들이 다 특색있어요 >_<,2025-03-24,"저녁에 방문, 예약 후 이용, 대기 시간 바로 입장, 친구",음식이 맛있어요,37,2
1212319309,하하하2085,깔끔하니 맛있게 잘먹었어요,2025-03-24,"점심에 방문, 예약 후 이용, 대기 시간 10분 이내, 친목, 지인・동료",특별한 메뉴가 있어요,36,1
1212319309,여신빈이,진짜 맛있는 음식점이었어요!!특히 트러플피순대는 진짜 레전드!!강추드립니다!🫶🫶,2025-03-23,"저녁에 방문, 예약 없이 이용, 대기 시간 10분 이내, 친목, 친구",음식이 맛있어요,51,1
1212319309,구미맘맘,감태김밥과 성게알메밀국수가 진~짜 맛있어요!메생이 굴 라비올리도 별미네요👍🏻👍🏻,2025-03-23,"저녁에 방문, 예약 없이 이용, 대기 시간 바로 입장, 데이트, 연인・배우자",음식이 맛있어요,29,1
1212319309,레오꽁치맘,맛있어요~~ 애견동반이여서 더 좋아요! 감태 김밥도 맛있었습니당~,2025-03-23,"점심에 방문, 예약 없이 이용, 대기 시간 바로 입장, 데이트, 연인・배우자",음식이 맛있어요,41,1
1212319309,ghk****,비빔밥 밥이 군데군데 말라있어요다른 메뉴는 괜찮았는데비빔밥에 밥이 8할인데 그게 말라있으면안되는거 아닐까요,2025-03-23,"점심에 방문, 예약 후 이용, 대기 시간 바로 입장, 데이트, 연인・배우자",,13,1
1212319309,alswjd1183,맛있어요,2025-03-22,"저녁에 방문, 예약 후 이용, 대기 시간 30분 이내, 친목, 친구",음식이 맛있어요,27,1
1212319309,이냠냠83,"육개 볶음국수, 제육, 성게메밀국수 주문했습니다. 메뉴 두개가 먼저 나와서 먹고있는데, 친구가 시킨 국수가 너무 안나와서 여쭤보니 메뉴가 누락된 걸 직원분이 지금 준비중이라고 말씀해주셨어요. 오픈 키친이고 저희가 그 자리에 앉아있어서 그제서야 메밀면 삶는게 훤히 보이더라구요.. 솔직하게 말씀해주셨으면 좋았을것같아요. 대처가 아쉬웠습니다. 재방문 의사는 없어요.",2025-03-22,"저녁에 방문, 예약 없이 이용, 대기 시간 30분 이상, 친목, 친구",컨셉이 독특해요,19,1
1212319309,Jennie14,음식 깔끔하고 맛있어요 강아지 같이 올 수 있어 좋습니당,2025-03-22,"저녁에 방문, 예약 없이 이용, 대기 시간 30분 이상, 일상, 가족모임, 부모님, 반려동물",음식이 맛있어요,18,1
1212319309,seo****,성수에 강아지랑 놀러왔다가 애견동반 식당을 검색했는데 맨위에 한식집이 뜨길래 와봤습니당 서울에서 정말 정직하고 맛있는 한식집 찾기 힘든데 메뉴 구성이 알차고 비싼만큼 건강한 재료로 만든것 같아 좋았어요 다음에 또 방문하겠습니다👍🏻,2025-03-22,"저녁에 방문, 예약 후 이용, 대기 시간 바로 입장, 데이트, 연인・배우자, 반려동물",음식이 맛있어요,42,1
1212319309,2827,중말 마시써요,2025-03-22,"저녁에 방문, 예약 없이 이용, 대기 시간 10분 이내, 나들이, 연인・배우자",음식이 맛있어요,7,1
1212319309,무킹키,음식이 너무 맛있고 예뻐요!! 웨이팅도 길지않고 친구 추천으로 왔는데 너무너무 만족✌️,2025-03-22,"점심에 방문, 예약 없이 이용, 대기 시간 10분 이내, 데이트, 연인・배우자",인테리어가 멋져요,18,1
1212319309,lillilllilil,담백하고 맛있어요!!,2025-03-22,"점심에 방문, 예약 없이 이용, 대기 시간 바로 입장, 데이트, 연인・배우자",인테리어가 멋져요,235,1
1212319309,나나2878,맛있어요 다음에 또 올만해요,2025-03-22,"점심에 방문, 예약 후 이용, 대기 시간 30분 이내, 데이트, 친구",음식이 맛있어요,1477,1
1212319309,곰순이840,음식이 맛있고 매장 분위기기 좋아요!,2025-03-22,"점심에 방문, 예약 없이 이용, 대기 시간 30분 이내, 친목, 친구",친절해요,18,1
1212319309,사멀잉,평소 궁중 떡볶이 좋아해서 주문해봤는데맛있었어요 !추억의 맛이랄까  (￣∇￣)대체적으로 맛있었삼용 짱 $_>,2025-03-22,"점심에 방문, 예약 후 이용, 대기 시간 바로 입장, 친목, 반려동물",재료가 신선해요,14,1
1212319309,배는 항상 꼬르륵,맛있고 재료 신선해서 깔끔하게 먹기 좋았어요! 근데 주말은 웨이팅 길어서 12시이전에 오는거 추천..ㅎ,2025-03-22,점심에 방문,음식이 맛있어요,12,1
1212319309,Only Live Once,특히나 감태김밥이 너무 맛있습니다~~~ 안에 들어있는 진미가맛있었어요. ~,2025-03-22,"점심에 방문, 예약 없이 이용, 대기 시간 바로 입장, 데이트, 연인・배우자",음식이 맛있어요,61,1
1212319309,가둘,ㅎㅎ맛있어오,2025-03-22,"점심에 방문, 예약 후 이용, 대기 시간 바로 입장, 친목, 친구",매장이 넓어요,169,1
1212319309,다연8622,감태 김밥은 정말 맛있었어요. 육회비빔밥은 나물양도 육회양도 너무 작더라구요. 처음 갔는데 사람이 불친절하다기 보다는 너무 안내도 안해주시고 설명도 안해주셔서 썩 기분이 좋지는 않았어요. 반찬 그릇은 끝쪽이 다 깨져있기도 해서 밥 먹는 동안 기분이 그렇게 좋지는 않았습니다. 음식 맛은 좋아요.,2025-03-22,"점심에 방문, 예약 없이 이용, 대기 시간 바로 입장, 나들이, 부모님",음식이 맛있어요,19,1
1212319309,저댄가,서울놀러온친구랑 처음와봤는데 단골될거같아요 다먹는동안 계속 감탄했네요 초ㅣ고~,2025-03-21,"점심에 방문, 예약 없이 이용, 대기 시간 바로 입장, 친목, 친구",음식이 맛있어요,11,1
1342697539,프리티베어,직원분들 친절하시고 음식  비쥬얼이 좋아요서우숲 보러왔다가 들려갑니다~~신선한 샐러드는 좋은데 음식 간이 좀세네요^^,2025-04-10,"점심에 방문, 예약 없이 이용, 대기 시간 바로 입장, 나들이, 친구",재료가 신선해요,393,1
1342697539,ddl****,,2025-04-09,"저녁에 방문, 예약 없이 이용, 대기 시간 바로 입장, 데이트, 연인・배우자",음식이 맛있어요,4,1
1342697539,jyP,"서울숲 구경 왔다가 파스타가 먹고 싶어서 들렸는데, 너무 맛있게 잘 먹었습니다~!세트로 먹었는데 샐러드도 너무 신선하고 맛있고, 파스타랑 스테이크도 딱 배부르고 맛있게 잘 먹은 거 같아요!분위기도 조용하고 대화하기도 좋아서 너무 편하고 맛있게 잘 먹고 갑니다~~☺️☺️☺️",2025-04-09,"점심에 방문, 예약 없이 이용, 대기 시간 바로 입장, 일상, 친목, 친구",음식이 맛있어요,5,1
1342697539,rlq****,처음갔는데 생각보다 양이 많고 해산물도 많아서 좋았어요! 가성비대비 정말 알찬 식당같아요!! 파스타에 마늘이 정말 많이 들어가서 마늘좋아하시는 분 추천이구요! 봉골레는 불맛이 났고 토마토파스타는 쭈꾸미가 많아서 만족스러웠습니다:),2025-04-09,"점심에 방문, 예약 없이 이용, 대기 시간 바로 입장, 나들이, 친구",인테리어가 멋져요,1,1
1342697539,주로라,분위기 좋고 음식이 맛있어요! 재방문 의사 있을정도!!리조또에 올라간 고기가 너무 맛있어서 다음에 올 때는 스테이크 주문해서 먹어보고 싶어요 잘 먹었습니다☺️✨,2025-04-08,"저녁에 방문, 예약 없이 이용, 대기 시간 30분 이내",친절해요,373,1
1342697539,EB7357,테이블 넓고 좋아요!,2025-04-08,"저녁에 방문, 예약 없이 이용, 대기 시간 10분 이내, 데이트, 연인・배우자",음식이 맛있어요,6,1
1342697539,sebin61,분위기 정말 좋은 양식집입니다. A set시켰는데 파스타 식감이 좋고 재료가 풍부하게 들어가서 맛있었어요. 고기도 맛있게 구워주시고 가니쉬도 다양해서 먹기 좋았어요. 양도 꽤 돼서 데이트 장소 찾으신다면 추천해요,2025-04-08,"저녁에 방문, 예약 없이 이용, 대기 시간 바로 입장, 데이트, 연인・배우자",음식이 맛있어요,42,1
1342697539,김감쟈감쟈,오랜만에 서울숲 갔다가 파스타먹고싶어서 방문했어요. 캐치테이블 예약하지않고 방문했고 십분내외로 바로 입장가능했습니다. 양도 많고 음식도 빨리나와서 좋았고 사진엔없지만 식전빵도 맛있었어요! 다만 착즙오렌지에이드라고해서 과육이 둥둥 떠있는걸 생각했는데 생각과는 달랐어요ㅋㅋㅋ 그래도 맛있게 잘먹었습니당,2025-04-08,"저녁에 방문, 예약 없이 이용, 대기 시간 10분 이내, 데이트, 연인・배우자",음식이 맛있어요,26,1
1342697539,lee****,서울숲에 벚꽃 보러 왔다가 근처에 맛있고 근사한 맛집이 있다는 소식에 방문하게 되었습니다 ! 너무 맛있어용 ㅜㅜ,2025-04-08,"점심에 방문, 예약 없이 이용, 대기 시간 바로 입장, 친목, 친구",인테리어가 멋져요,8,1
1342697539,꽃찌어,식전빵 너무 부들거리고 샐러드 진짜 맛있어요!여태까지 먹은 파스타 집 샐러드 중에서 최고!!!스테이크도 야들하고 파스타도 매콤하고 해산물 여러종류에 좋으네요 굿,2025-04-08,"점심에 방문, 예약 없이 이용, 대기 시간 바로 입장, 데이트, 연인・배우자",음식이 맛있어요,2,1
1342697539,ald****,,2025-04-08,"점심에 방문, 예약 없이 이용, 대기 시간 바로 입장, 나들이, 친구",음식이 맛있어요,8,1
1342697539,지영천사39,서울숲 벚꽃구경왔다가 점심먹으러 들렀어요~~~ 맛있게 잘 먹었어요,2025-04-08,"점심에 방문, 예약 없이 이용, 대기 시간 바로 입장, 친목, 친구",음식이 맛있어요,76,1
1342697539,lge****,거의 1년 만에 다시 왔는데 리뷰를 쓰게 만드는 맛입니다😊 메뉴는 저번에 먹었던 소고기 크림 리조또 다시 먹었구 역시나 맛있었어요! 고기두 입에 넣자마자 불맛 확 나서 직화구이 좋아하시는 분들이 좋아하실 것 같네요 직원분도 친절하세요 짱짱😊🫶🏻,2025-04-08,"점심에 방문, 예약 없이 이용, 대기 시간 바로 입장, 나들이, 혼자",음식이 맛있어요,13,2
1342697539,니쉬망,파스타맛집 인정이요! 분위기도 좋고 주문한 음식이 빨리나와서 좋았어요♥,2025-04-07,"저녁에 방문, 예약 후 이용, 대기 시간 바로 입장, 데이트, 연인・배우자",음식이 맛있어요,11,1
1342697539,Indou,맛나요양이 많아요,2025-04-07,"저녁에 방문, 예약 후 이용, 대기 시간 바로 입장, 데이트",매장이 넓어요,15,1
1342697539,꾸물대는아이17,맛있어요 분위기가 좋아요,2025-04-07,"저녁에 방문, 예약 없이 이용, 대기 시간 바로 입장, 데이트, 연인・배우자",음식이 맛있어요,32,1
1342697539,묭나나,베이컨 크림파스타 꽃등심 스테이크 둘다 너무 맛있어요!!🫶분위기 조용하고 매장도 깨끗해서 기분 좋게 식사하고 가요!,2025-04-07,"점심에 방문, 예약 없이 이용, 대기 시간 바로 입장, 친목, 친구",음식이 맛있어요,21,1
1342697539,fif****,음식이 너무 맛잇고 양도 많아서 너무 맛잇게 먹었어요,2025-04-07,"점심에 방문, 예약 없이 이용, 대기 시간 바로 입장, 데이트, 연인・배우자",음식이 맛있어요,1,1
1342697539,min****,식사대접하느라 모시고왔어요 덕분에 좋은시간 보냈습니다!,2025-04-07,"점심에 방문, 예약 후 이용, 대기 시간 바로 입장, 친목, 친구",음식이 맛있어요,27,1
1342697539,12345qwerasdf,,2025-04-06,"저녁에 방문, 예약 후 이용, 대기 시간 30분 이상, 데이트, 연인・배우자",음식이 맛있어요,6,1
1342697539,푸른봄시내,"음식 모두 맛있어요~~골고루 나눠 먹었어요~~꽃등심, 부채살 스테이크는  부들부들 맛나요~~~봉골레도 리소토도  깔끔하니 좋아요~~~~",2025-04-06,"저녁에 방문, 예약 없이 이용, 대기 시간 30분 이상, 가족모임, 아이",음식이 맛있어요,24,1
1342697539,쩡     이,감바스도 있어서 맛있게 먹었어요!,2025-04-06,"저녁에 방문, 예약 후 이용, 대기 시간 30분 이상, 데이트, 연인・배우자",인테리어가 멋져요,18,1
1342697539,071****,분위기가 너무 좋고 대화하기 적당해요!매장도 깔끔해서 더 좋았어요,2025-04-06,"저녁에 방문, 예약 없이 이용, 대기 시간 30분 이내, 데이트, 연인・배우자",인테리어가 멋져요,8,1
1342697539,윤서영196,,2025-04-06,"저녁에 방문, 예약 없이 이용, 대기 시간 30분 이내, 데이트, 연인・배우자",음식이 맛있어요,1,1
1342697539,gain4302,꽃등심 스테이크랑 해물 파스타 시켜서 먹었는데 맛있었어요! 매장 분위기가 무엇보다 좋고 연인이랑 데이트하기 좋은 것 같아요☺️☺️,2025-04-06,"저녁에 방문, 예약 없이 이용, 대기 시간 30분 이상, 데이트, 연인・배우자",친절해요,17,1
1342697539,구디엠블리,봉골레 파스타 맛집 인정이요!식전빵 굿 샐러드 낫 배드부채살 스테이크는 조금 아쉬웠습니다🥲,2025-04-06,"저녁에 방문, 예약 없이 이용, 대기 시간 10분 이내, 데이트, 연인・배우자",양이 많아요,109,1
1342697539,yoongun73,"기념일 분위기 있는 레스토랑 찾다가 발견한 오뜨로 성수입니다.분위기나 음식 구성이 좋고, 재료도 신선한게 느껴져서 맛있었어요!",2025-04-06,"저녁에 방문, 예약 없이 이용, 대기 시간 10분 이내, 데이트, 연인・배우자",음식이 맛있어요,13,1
1342697539,추카추카9,,2025-04-06,"저녁에 방문, 예약 없이 이용, 대기 시간 30분 이내, 가족모임, 아이",차분한 분위기에요,30,1
1342697539,윤교맘,40분이상기다렸어요 전체적으로 맛있네요,2025-04-06,"점심에 방문, 예약 없이 이용, 대기 시간 30분 이상, 나들이, 친척・형제",음식이 맛있어요,2,1
1342697539,심바,"피크 시간때는 웨이팅 있어서 캐치테이블 하면 돼요!주차 편하고, 음식 맛있어서 재방문 의사 있습니다.",2025-04-06,"점심에 방문, 예약 없이 이용, 대기 시간 1시간 이상, 데이트, 연인・배우자",음식이 맛있어요,863,1
1342697539,인수486,빵도 달짝 지근파스타랑 리조또 너무너무 맛잇어요또오고싶은 맛집이에요!!,2025-04-06,"점심에 방문, 예약 후 이용, 대기 시간 30분 이내, 데이트, 연인・배우자",단체모임 하기 좋아요,13,1
1342697539,iddms98,오래 기다렸지만 맛있게 잘 먹었습니다ㅎㅎ,2025-04-06,"점심에 방문, 예약 없이 이용, 대기 시간 1시간 이상, 데이트, 연인・배우자",음식이 맛있어요,2,1
1342697539,uni****,와이프랑 오랜만에 데이트나와서 너무 맛있는 식사하고갑니다!!,2025-04-06,"점심에 방문, 예약 없이 이용, 대기 시간 30분 이상, 데이트, 연인・배우자",음식이 맛있어요,3,1
1342697539,여행가이도,너무 맛있게 먹었어요!!!,2025-04-06,"점심에 방문, 예약 후 이용, 대기 시간 30분 이내, 여행, 일상, 부모님",음식이 맛있어요,17,1
1342697539,hyw****,"성수 양식 맛집 알아보다가 남자친구가 찾아준 곳인데, 정말 맛있게 잘 먹었어요 ㅠㅠ A세트로 먹었는데 스테이크, 봉골레파스타, 모둠샐러드 다 남자친구랑 둘이서 먹기에 양 적당하고 맛있었습니다! 배부르게 먹었어요 ㅎㅎ특히 봉골레 파스타가 매콤 시원하니 정말 기억에 남을 것 같아요 스테이크에 버섯이랑 새우, 브로콜리 가니쉬들까지도 맛났습니다 .. 담에 성수 오면 또 올게용☺️",2025-04-05,"저녁에 방문, 예약 없이 이용, 대기 시간 바로 입장, 데이트, 연인・배우자",차분한 분위기에요,3,1
1342697539,베켓,전시보러 왔다가 우연히 들렀는데 기대이상으로 너무 맛있게 잘 먹었어요! 오랜만에 스테이크가 땡겨서 세트로 먹었는데 식전빵도 부드럽고 샐러드가 너무 맛있어요! 상큼한 소스에 연어와 치즈의 조합이 환상이네요 ㅎㅎ스테이크 굽기도 딱 좋고 실내 인테리어가 적당히 어둑하고 세련된 느낌이라 음식이 더 맛있게 느껴지네요 ㅋㅋ 예약없이 우연히 방문했는데 너무 맛있게 먹어서 다음에 또 방문의사 있습니다~^^,2025-04-05,"저녁에 방문, 예약 없이 이용, 대기 시간 바로 입장, 일상, 나들이, 연인・배우자",음식이 맛있어요,62,1
1342697539,김연영55,친구 추천으로 방문했는데 정말 맛있고 좋아요!!다음에도 방문하겠습니당맛있게 먹었습니다!!💓,2025-04-05,"점심에 방문, 예약 없이 이용, 대기 시간 바로 입장, 데이트, 친목, 친구",음식이 맛있어요,40,1
1342697539,밍밍2598,이 파스타 정말 맛있네용ㅎ 분위기도 좋고 음식도 맛있어요~~ !! 추천입니당 ㅎㅎ,2025-04-05,점심에 방문,음식이 맛있어요,28,1
1342697539,우택택80,잘 먹었습니다비와서 오히려 웨이팅 없이 이용했어요,2025-04-05,"점심에 방문, 예약 없이 이용, 대기 시간 바로 입장, 데이트, 연인・배우자",인테리어가 멋져요,12,1
1342697539,정현아57,서울숲 시어터 공연보러오는데 조키들이 좋아하는 메뉴로 검색하다 딱!!!!즐기지 않는 야채(샐러드) 조차도 정말 맛있어요식전빵에 마늘빵까지도 추가... 참말로 맛있어요2명의 조카도 매우 만족해하고 돈써도 마냥 즐겁기만한 시간 이었습니다.  마무리로는 착즙레몬에이드로~~~ 담 공연보러올때 고민하지 않아도 되겠어요. 또 올께요.,2025-04-05,"점심에 방문, 예약 후 이용, 대기 시간 바로 입장, 가족모임, 아이, 친척・형제",음식이 맛있어요,8,1
1342697539,이수민34,음식도 깔끔하고 맛있습니당매장도 넓고 쾌적해서 데이트하기 좋습니다,2025-04-05,"점심에 방문, 예약 없이 이용, 대기 시간 바로 입장, 데이트, 연인・배우자",음식이 맛있어요,12,1
1342697539,챠콜60,"스테이크랑 리조토, 파스타 먹었는데 너무 맛있었어요~ 봉골레 파스타가 진짜 맛있어요 강추 드립니다! 데이트 할 때 오세요~",2025-04-04,"저녁에 방문, 예약 후 이용, 대기 시간 바로 입장, 데이트, 일상, 기념일, 연인・배우자",차분한 분위기에요,24,1
1342697539,엔젤31,간만에 남편과 성수동 근처 온김에 방문했어요~핫플이라 웨이팅 좀 있긴 했지만 분위기 좋고  파스타 샐러드 다 맛있고 좋아요~^^,2025-04-04,"저녁에 방문, 예약 없이 이용, 대기 시간 30분 이내, 일상, 연인・배우자",음식이 맛있어요,8,1
1342697539,Luckyme,분위기 좋고 맛있어요 1코스 먹었는데 스테이크도 맛있네요,2025-04-04,"저녁에 방문, 예약 후 이용, 대기 시간 바로 입장, 기념일, 친구",음식이 맛있어요,26,1
1342697539,눈눈이이222,분위기 좋고 가성비 좋아요데이트코스 추천합니다,2025-04-04,"저녁에 방문, 예약 없이 이용, 대기 시간 바로 입장, 데이트, 연인・배우자",차분한 분위기에요,6,1
1342697539,d_****,양도 많고 금요일 밤에 너무 시끄럽지않고 맛있게 잘 먹었습니다😉,2025-04-04,"저녁에 방문, 예약 후 이용, 대기 시간 바로 입장, 친목, 친구",매장이 넓어요,41,1
1342697539,yoo****,A세트 주문했어요모둠샐러드에 디너롤이 두개 나오는데 정말 정말 맛있었어요. 식전빵도 폭신하니 맛있었고 스테이크 비주얼도 너무 좋았습니다 ㅎㅎ식사 하는 동안 기분이 좋았어요 추천합니다!,2025-04-04,"점심에 방문, 예약 없이 이용, 대기 시간 바로 입장, 친목, 친구",음식이 맛있어요,14,1
1342697539,뿌잉쀼,맛있어요!,2025-04-04,점심에 방문,음식이 맛있어요,96,1
1342697539,egl****,성수 나들이와서 예약없이 이용했지만 여유롭게 즐기기 좋았어요 음식도 하나같이 신선하고 맛있습니다 재방문의사 있어요~,2025-04-04,"점심에 방문, 예약 없이 이용, 대기 시간 바로 입장, 나들이, 친구",차분한 분위기에요,12,1
1342697539,88d****,"파스타,스테이크,샐러드 너무 맛있어요 인테리어도 깔끔하고 좋네요! 다음에 또 올께요🤍",2025-04-04,"점심에 방문, 예약 후 이용, 대기 시간 바로 입장, 데이트, 친구",음식이 맛있어요,47,1
1342697539,배배마미,남편이랑 데이트하려고 왔는데 분위기도 좋고 맛도 너무 좋아요. 스테이트 정말 맛나요~ 다음에도 또 오고 싶어요~,2025-04-04,"점심에 방문, 예약 후 이용, 대기 시간 바로 입장, 데이트, 연인・배우자",음식이 맛있어요,22,1
1342697539,2MBOUT84,맛도 있고 비쥬얼도 좋고 인테리어가 참 좋습니다.번창하세요.^^,2025-04-02,"저녁에 방문, 예약 없이 이용, 대기 시간 바로 입장, 일상",음식이 맛있어요,19,1
1342697539,leehaeun,남자친구랑 먹으러 왔는데 맛있었어요!! 다음에 또 먹으러 올게요 ㅎㅎ,2025-04-02,"저녁에 방문, 예약 후 이용, 대기 시간 바로 입장, 데이트, 연인・배우자",음식이 맛있어요,28,1
1342697539,엘로온,성수 나들이 온김에 맛집 찾다가 들어온 오뜨로 성수!양도 꽤 많고 가격도 괜찮은 편이였는데 여기가 파스타 맛집이 맞네요 ㅎㅎㅎㅎ!!,2025-04-02,"점심에 방문, 예약 없이 이용, 대기 시간 바로 입장, 가족모임, 연인・배우자, 부모님",음식이 맛있어요,968,1
1342697539,mic****,,2025-04-02,"점심에 방문, 예약 후 이용, 대기 시간 바로 입장, 친목, 지인・동료",음식이 맛있어요,10,1
1342697539,이현진3546,남편이랑 서울숲에 왔다가 급 방문하게된 파스타집 여기가 맛집이었네,2025-04-02,"점심에 방문, 예약 후 이용, 대기 시간 바로 입장, 일상, 연인・배우자",음식이 맛있어요,1,1
1342697539,놀고먹는게제일좋아아아,"혼밥하기도 하고, 데이트하거나 친구들 데려오기도 합니다! 소개팅으로 많이들 오시더라고요 ㅎㅎㅎ 음식 맛있고 친절하세요!! 🤧👍🏻 맛있게 잘 먹고 갑니다~!~~! 🌷🌷",2025-04-01,"저녁에 방문, 예약 없이 이용, 대기 시간 바로 입장, 일상, 친척・형제",음식이 맛있어요,416,2
1342697539,루이봉,,2025-04-01,"저녁에 방문, 예약 후 이용, 대기 시간 바로 입장, 친목, 친구",음식이 맛있어요,4,1
1342697539,dks****,,2025-04-01,"저녁에 방문, 예약 후 이용, 대기 시간 바로 입장, 나들이, 연인・배우자",매장이 넓어요,9,1
1342697539,jim****,음식 너무 맛있고 신선해요 ㅠㅠ 또 올게영,2025-03-31,"저녁에 방문, 예약 없이 이용, 대기 시간 바로 입장, 데이트, 연인・배우자",음식이 맛있어요,20,1
1342697539,Yummm,분위기도 좋고 깨끗하고 맛있어어ㅕ엄마랑 왔는데 만족하고 갑니당,2025-03-31,"저녁에 방문, 예약 후 이용, 대기 시간 바로 입장, 가족모임, 부모님",음식이 맛있어요,22,1
1342697539,아장아장99,간단히 먹을 생각하고 왔는데 대만족입니다.매장이 깔끔하고 테이블간 간격이 넓어 쾌적했어요.음식은 정갈하니 맛나서 접시를 싹 비웠네요.지하에 주차장도 있으니 편리합니다.,2025-03-31,"점심에 방문, 예약 없이 이용, 대기 시간 바로 입장, 나들이, 연인・배우자",음식이 맛있어요,9,1
1342697539,KuSiGi,"오랜만에 육아에서 벗어나 아내랑 데이트를 나왔습니다.모처럼 분위기도 있는 맛집을 가려해서 왔는데,분위기도 깔끔하고 음식도 다 너무 맛있었습니다스테이크가 정만 even하고연어 샐러드랑 가니쉬들도 너무 맛있었습니다.",2025-03-31,"점심에 방문, 예약 후 이용, 대기 시간 바로 입장, 데이트, 연인・배우자",음식이 맛있어요,9,1
1342697539,킴횬32,음식 깔끔하고 좋아요 조금 식은 느낌이었지만 깔끔하고 좋습니다 😊,2025-03-31,"점심에 방문, 예약 후 이용, 대기 시간 바로 입장, 기념일",차분한 분위기에요,70,1
1342697539,도토리야다리디리다랏뚜,"오뜨로 성수에서 가족 모임을 했는데, 정말 만족스러웠어요. 넓고 쾌적한 공간에 고급스러운 분위기가 더해져 특별한 날을 기념하기에 완벽했습니다.음식은 신선한 재료로 정성껏 준비되어 맛과 풍미가 뛰어났고, 특히 스테이크와 파스타는 가족 모두가 극찬할 정도로 훌륭했어요. 직원분들의 친절한 서비스 덕분에 편안하게 식사를 즐길 수 있었습니다.성수동의 아름다운 뷰를 감상하며 맛있는 음식을 즐길 수 있는 오뜨로 성수는 가족 모임이나 특별한 날을 위한 최고의 선택이 될 것 같아요.",2025-03-30,"점심에 방문, 예약 후 이용, 대기 시간 바로 입장, 친목, 연인・배우자",음식이 맛있어요,312,1
1342697539,밍냥밍,파스타 소스가 너무 맛있네요~~~야채랑 새우들도 너무 잘 구워주셔서맛있었습니다 추천합니당ㅎㅎ,2025-03-29,"저녁에 방문, 예약 없이 이용, 대기 시간 바로 입장, 데이트, 연인・배우자",대화하기 좋아요,43,1
1342697539,레이핀4,친구들과 서울나들이에 좋은 모임장소에요리조또 진심 소스까지 싹 긁어먹고 스테이크는 부드러워요여기 식전빵도 고소하니 소스없이 먹었는데 담백해요ㅎ추천합니다,2025-03-29,"저녁에 방문, 예약 없이 이용, 대기 시간 바로 입장, 친목, 친구",음식이 맛있어요,19,1
1342697539,Bi31,"너무 맛있게 잘 먹고, 구성도 너무 알차요💛",2025-03-29,"저녁에 방문, 예약 없이 이용, 대기 시간 바로 입장, 친목, 지인・동료",음식이 맛있어요,31,1
1342697539,채영맘07,조용하고 분위기 좋아용 리조또랑 봉골레도 맛있구요,2025-03-29,"저녁에 방문, 예약 없이 이용, 대기 시간 바로 입장, 나들이, 아이",음식이 맛있어요,8,1
1342697539,sum****,음식 맛있고 분위기도 좋아요,2025-03-29,"점심에 방문, 예약 없이 이용, 대기 시간 바로 입장, 데이트, 연인・배우자",음식이 맛있어요,6,1
1342697539,whi****,아들 생일 기념으로 방문했어요크림파스타 맛있고 전체적으로 양이 적지는 않아요잘먹었습니다~,2025-03-29,"점심에 방문, 예약 없이 이용, 대기 시간 바로 입장, 기념일, 아이",음식이 맛있어요,13,1
1342697539,lee****,인테리어 너무 예쁘고 음식이 너무 예뻐용🩷여자들끼리 와서 수다 잘 떨고 갑니당 ㅎㅎ맛있고 따뜻하게 잘 먹고 가용 ㅎㅎ,2025-03-29,"점심에 방문, 예약 없이 이용, 대기 시간 바로 입장, 친목, 친구",인테리어가 멋져요,16,1
1342697539,미니미447,주차도 편하고 파스타 양 적당하고 맛이 깔끔합니다. 주차권 여기서 구매하시는게 더 저렴해서 차가지고 오신분은 주차권 구매하세요!,2025-03-28,"저녁에 방문, 예약 없이 이용, 대기 시간 바로 입장, 데이트, 연인・배우자",음식이 맛있어요,330,1
1342697539,map****,깨끗하고 분위기 좋아요~,2025-03-28,"점심에 방문, 예약 없이 이용, 대기 시간 바로 입장, 친목, 지인・동료",인테리어가 멋져요,9,1
1342697539,jmi****,블랙타이거 로제 새우 블랙핑크 로제 좋아하시면 꼭 드셔보세요 스테이크랑 파스타가 느끼할 수 있는데 샐러드가 잘 잡아줬어요,2025-03-27,"저녁에 방문, 예약 없이 이용, 대기 시간 바로 입장, 데이트, 연인・배우자",인테리어가 멋져요,11,1
1342697539,아다다다으잉,"성수는 자주 안와서 추천받아 온건데만족만족 대만족입니다!!!!!!!음식 퀄리티,서비스,내부 인테리어 뭐하나 빠짐없이좋아요!!!!!!!!!그리고 금액대비해서도 음식이 너무 맛있습니다.....나오는 속도도 빠르고간도, 스테이크 굽기도 완벽해요,,💓그리고 양이 적을까 생각했는데절대!!!!!양도 많습니다ㅜㅜㅜㅜ성수 맛집으로 주변에 추천 많이할게요!!!",2025-03-27,"점심에 방문, 예약 없이 이용, 대기 시간 바로 입장, 데이트, 연인・배우자",아늑해요,18,1
1342697539,송지완,엄청 맛있구 직원분이 정말 친절하세요 !,2025-03-26,"점심에 방문, 예약 후 이용, 대기 시간 바로 입장, 데이트, 연인・배우자",인테리어가 멋져요,10,1
1342697539,jhwhite20,짱맛있어용~,2025-03-25,"점심에 방문, 예약 후 이용, 대기 시간 바로 입장, 여행, 친구",단체모임 하기 좋아요,22,1
1342697539,wook5973,음식점도 깔끔하고음식 메뉴 구성도 좋았습니다,2025-03-23,"저녁에 방문, 예약 없이 이용, 대기 시간 바로 입장, 데이트, 친구",차분한 분위기에요,3,1
1342697539,이8247,"샐러드 소스가 새콤하고 맛있고, 부채살 스테이크 연해요",2025-03-23,"점심에 방문, 예약 없이 이용, 대기 시간 바로 입장, 데이트, 연인・배우자",음식이 맛있어요,7,1
1342697539,darkhorse,샐러드와 파스타 그리고 스테이크까지 모두 제 입맛에 딱 맞아서 진짜 맛있게 먹었어요!!자몽인더 스카이와 같이 먹으니까 깔끔하게 더 잘어울리네요~다음에 성수동 올 때 또 방문할께요:),2025-03-23,"점심에 방문, 예약 없이 이용, 대기 시간 바로 입장, 데이트, 연인・배우자",음식이 맛있어요,20,1
1342697539,킹주요,가격 대비 양도 많고 넘 맛있었어용 분위기도 좋아서 성수 오면 또 방문하려구요!!!,2025-03-23,"점심에 방문, 예약 없이 이용, 대기 시간 바로 입장, 친목, 친구",양이 많아요,9,1
1342697539,이오신준,맛있어요~!,2025-03-23,"점심에 방문, 예약 후 이용, 대기 시간 바로 입장, 데이트, 연인・배우자",음식이 맛있어요,717,1
1342697539,Howl10,"소고기 크림 리조토, 베이컨 크림 치즈 파스타, 부채살 스테이크 너무 맛있어요. 디너롤도 부드러워요. ^^",2025-03-22,"저녁에 방문, 예약 없이 이용, 대기 시간 10분 이내, 데이트, 연인・배우자",음식이 맛있어요,3,1
1342697539,ell****,너무 맛있게 잘 먹었어요! 특히 스테이크가 최고💓분위기도 좋고~ 담에 또 오려구요!!!,2025-03-22,"점심에 방문, 예약 없이 이용, 대기 시간 바로 입장, 데이트, 친목, 연인・배우자, 친구",인테리어가 멋져요,18,1
1342697539,정하트,오랫만에 놀러나와저 친구랑 인터넷서치해서 처음 와봤어요.플레이팅도 깔끔하고 음식도 맛있네요 ㅎㅎ,2025-03-22,"점심에 방문, 예약 없이 이용, 대기 시간 바로 입장, 친목, 친구",음식이 맛있어요,119,1
1342697539,llllllllls,리조또 좋아하는 편인데 맛있어용 가게도 청결한 거 같구 조아요 !!! 잘 먹었습니다,2025-03-22,"점심에 방문, 예약 없이 이용, 대기 시간 바로 입장, 친목, 지인・동료",친절해요,35,1
1342697539,야이띠끼야80,성수동으로 오랜만에 데이트를 나왔다가 파스타가 급으로 땡겨서 주변을 검색 후 찾아왔는데선택은 아주 성공적이였어요!!!메뉴 하나하나가 다 맛있고 직원분들도 너무 친절하시더라구요👍🏻 다음에 또 방문할게요~~,2025-03-22,"점심에 방문, 예약 없이 이용, 대기 시간 바로 입장, 데이트, 연인・배우자",음식이 맛있어요,21,1
1342697539,잇비,봉골레파스타와 베이컨 크림 치즈파스타를 시켰는데 원래 해산물을 즐겨먹지는 않지만 봉골레파스타 안의 해산물이 신선하게 조리돼서 먹기 좋았어요! 토요일 12시 반에 방문했는데 대기없이 입장했고 가격도 맛도 좋았습니다! 다음에 성수 방문하면 또 오고 싶어요 :),2025-03-22,"점심에 방문, 예약 없이 이용, 대기 시간 바로 입장, 데이트, 연인・배우자",음식이 맛있어요,4,1
1342697539,감성소녀66,여자 넷이 점심데이트를 했어요 가격도 양도 맛도 전반적으로 만족했습니다 스테이크 굽기도 좋았어요 식전빵 부드러움이나 샐러드 상큼함이 기억남아요미세먼지가 나쁜 날인데 문이 계속 열려있어서 신경쓰였던 부분제외하고 만족합니다,2025-03-22,"점심에 방문, 예약 후 이용, 대기 시간 바로 입장, 데이트, 지인・동료",음식이 맛있어요,31,1
1342697539,뭐하냐임마,양이 ㅎㄷㄷ합니다. 맛도 풍미 있어서 넘 좋아요...식전빵도 주셔서 든든하게 먹고 갑니다 ㅋ,2025-03-21,"저녁에 방문, 예약 없이 이용, 대기 시간 바로 입장, 데이트, 친목, 연인・배우자, 친구",음식이 맛있어요,22,1
1342697539,jje****,엄청 맛있고 사장님이 엄청 친절하십니다. 번창하세요,2025-03-21,"저녁에 방문, 예약 없이 이용, 대기 시간 바로 입장, 데이트, 연인・배우자",음식이 맛있어요,22,1
1342697539,정상은52,기대 안하고 왔는데 매우 맛있네요개인적으로 열대과일샐러드랑 크림리조또가 좋았습니다.,2025-03-21,"점심에 방문, 예약 없이 이용, 대기 시간 바로 입장, 데이트, 연인・배우자",음식이 맛있어요,8,1
1342697539,만두1043,식전빵이 일단 너무 맛있었어요! 잘 구워져서 같이나온 소스랑 먹으니까 조합이 좋더라구요😁리조또랑 파스타해서 여러가지 시켜서 먹었는데 오일 파스타랑 봉골레 파스타가 비린맛도 없고 간도 적당해서 좋았어요직원분들도 너무 친절하셔서 식사 맛있게 했습니다~,2025-03-21,"점심에 방문, 예약 없이 이용, 대기 시간 10분 이내, 친목, 친구",음식이 맛있어요,3,1
1342697539,koh****,친구한테 추천받아서 왔는데 맛있네요!ㅎㅎ스테이크 맛있어요ㅎㅎ,2025-03-19,"저녁에 방문, 예약 없이 이용, 대기 시간 바로 입장, 친목, 친구",음식이 맛있어요,23,1
1342697539,car****,,2025-03-19,"점심에 방문, 예약 없이 이용, 대기 시간 바로 입장, 친목, 친구",음식이 맛있어요,3,1
1342697539,my****,지인들과 서울숲 들르면서 예약해서 왔어요 가격도 좋고 양도 많고 맛도 있어요 재료도 아끼지 않으시구요 대화하기도 좋아요 ^^ 다음에 근처 오면 다시 들를거 같아요 잘 먹고 갑니다,2025-03-19,"점심에 방문, 예약 후 이용, 대기 시간 바로 입장, 친목, 지인・동료",음식이 맛있어요,14,1
1342697539,asakki,맛있어서 또 왔어요! 항상 만족하는 맛입니당ㅎㅎ 가게 분위기도 좋았어요!,2025-03-18,"저녁에 방문, 예약 없이 이용, 대기 시간 바로 입장, 기념일, 친척・형제",음식이 맛있어요,2,2
1342697539,파란지붕주인,매장도 이쁘고 음식도 맛있어요~~,2025-03-18,"점심에 방문, 예약 후 이용, 대기 시간 바로 입장, 데이트, 연인・배우자",인테리어가 멋져요,12,1
1342697539,melody5,깔끔하고 조용해서 부모님과 식사하기 좋았어요,2025-03-18,"점심에 방문, 예약 후 이용, 대기 시간 바로 입장, 친목, 부모님",매장이 넓어요,2,1
1527765636,다연47,맛있어요! 매장도 깔끔하고 더블세트 양도 많아서 배부르게 먹었어요 대신 재료 소진이 빨라서 빨리 와야지 먹을 수 있는거 같아요,2025-04-10,"점심에 방문, 예약 없이 이용, 대기 시간 10분 이내, 친목, 친구",음식이 맛있어요,13,1
1527765636,tkf****,너무맛있어요!! 안쪽공간도 있어서 웨이팅하고 금방 앉을수있어 편했습니다,2025-04-10,"점심에 방문, 예약 없이 이용, 대기 시간 10분 이내, 나들이, 일상, 아이",음식이 맛있어요,44,1
1527765636,kau****,너무 맛있게 잘 먹었습니다 분위기도 좋고 직원분들도 너무 친절하세요 잘 먹었습니다!!,2025-04-10,"점심에 방문, 예약 없이 이용, 대기 시간 바로 입장, 친목, 친구",음식이 맛있어요,4,1
1527765636,wa****,날씨좋은날 서울숲 놀러왔다가 요쇼쿠와버렸는데요웨이팅 약간있었지만 거의 바로들어왔어요라유파이탄소바는 탄탄멘같았고 오므라이스에 돈까스는 진짜 ㅈ부드러웠어요 가격도 괜찮고 정말맛있었습다~ 또오고싶어요,2025-04-10,"점심에 방문, 예약 후 이용, 대기 시간 30분 이내, 데이트, 연인・배우자",음식이 맛있어요,14,1
1527765636,보경027,아 너무 맛있어요 근데 오픈하자마자 왔는데도 사람이 꽉 차있었어요 인기맛집인가봐요 그래서인지 음식이 나오는데 꽤 오래 걸렸습니다ㅜㅜ,2025-04-10,"점심에 방문, 예약 없이 이용, 대기 시간 바로 입장, 친목, 친구",음식이 맛있어요,26,1
1527765636,x3x****,너무 맛있어요! 양도 많고 반찬도 잘 나오고.. 치킨도 넘 바삭함이 오래갑니다 대기가 좀 있어서 일찍 와야해요! 그 만큼 맛있습니다~,2025-04-10,"점심에 방문, 예약 없이 이용, 대기 시간 바로 입장, 일상, 친척・형제",음식이 맛있어요,11,1
1527765636,최지운6932,너무너무 맛있고 직원분들도 너무 착하시고 다음에 또 올게요!,2025-04-09,"저녁에 방문, 예약 없이 이용, 대기 시간 30분 이내, 데이트, 연인・배우자",음식이 맛있어요,5,1
1527765636,hig****,정말 맛있게 먹었습니다 !!다음에도 또 오고싶어요 !!,2025-04-09,"저녁에 방문, 예약 없이 이용, 대기 시간 10분 이내, 데이트, 연인・배우자",음식이 맛있어요,9,1
1527765636,비키7368,맛있어요!! 서울숲이랑 가까워서 좋아요😀,2025-04-09,"점심에 방문, 예약 없이 이용, 대기 시간 바로 입장, 친목, 친구",음식이 맛있어요,80,1
1527765636,정소연7881,맛있는 요쇼쿠 두번째 방문입니다 ㅎㅎ 어제 먹었던 치킨 가라아게 또 시키네요 ㅎㅎ 감사합니다 재방문의사 또 있어요~~^^,2025-04-09,"점심에 방문, 예약 후 이용, 대기 시간 바로 입장, 나들이, 친구",매장이 청결해요,7,2
1527765636,Jmk52,음식이 너무 맛있습니다!!~~~ 다음에 또 찾아뵐게요!!,2025-04-09,"점심에 방문, 예약 없이 이용, 대기 시간 바로 입장, 데이트, 연인・배우자",음식이 맛있어요,830,1
1527765636,호에에에83,,2025-04-09,"점심에 방문, 예약 없이 이용, 대기 시간 10분 이내, 친목, 친구",아늑해요,16,1
1527765636,ro****,넘 맛있아욤 !!,2025-04-09,"점심에 방문, 예약 없이 이용, 대기 시간 10분 이내, 친목, 친구",음식이 맛있어요,10,1
1527765636,syl****,가격에 비해서 양이 많고 맛있어요! 플레이팅도 사진찍기 좋게 나와요,2025-04-08,"저녁에 방문, 예약 없이 이용, 대기 시간 10분 이내, 나들이, 친구",음식이 맛있어요,8,1
1527765636,Seoulonion,마싯어용ㅎㅎ,2025-04-08,"저녁에 방문, 예약 없이 이용, 대기 시간 10분 이내, 데이트, 친구",음식이 맛있어요,12,1
1527765636,띠띠뽀오,친구 추천으로 와봤는데 맛있어요!웨이팅 했는데 십분정도 기다리고 입장했어요매장도 작지않고 분위기도 좋아요~,2025-04-08,"저녁에 방문, 예약 후 이용, 대기 시간 10분 이내, 친목, 친구",친절해요,136,1
1527765636,Tomatevert,"친구들 모임에 깔끔하고 맛있어 보여서 처음 와봤는데, 비주얼도 그렇고 음식이 너무 특색있고 맛있어요 🤍 서울숲 오시는 분들 강추입니당",2025-04-08,"저녁에 방문, 예약 없이 이용, 대기 시간 바로 입장, 친목, 친구, 지인・동료",매장이 넓어요,18,1
1527765636,강유빈85,성수에 맛집이 있다고 해서 방문했는데 냄새부터 너무 좋아요!!! 돈카츠 바삭하고 소바도 맛있어요 🥰,2025-04-08,"점심에 방문, 예약 없이 이용, 대기 시간 30분 이내, 친목, 친구",음식이 맛있어요,6,1
1527765636,군밤마렵다,평일 1시반쯤 방문했고 10분정도 웨이팅 하고 들어갔어요! 세트구성도 있긴한데 먹고싶은게 많아서ㅋㅋㅋ 개별로 시켰네요 메뉴도 특색있는것들도 많고 종종 오기 좋을거 같아요,2025-04-08,"점심에 방문, 예약 없이 이용, 대기 시간 10분 이내, 데이트, 연인・배우자",음식이 맛있어요,13,1
1527765636,안녕하세요6621,함바그가 갑자기 먹고 싶어서 검색 후 방문 했는데 너무 맛있어서 놀랐어요. 서울숲 놀러올 때마다 먹는게 아니라 함바그가 먹고 싶을 때마다 올 예정입니다.,2025-04-08,"점심에 방문, 예약 없이 이용, 대기 시간 10분 이내, 데이트, 연인・배우자",음식이 맛있어요,7,1
1527765636,Acts29ing,굿,2025-04-08,"점심에 방문, 예약 없이 이용, 대기 시간 바로 입장, 데이트, 연인・배우자",음식이 맛있어요,4,1
1527765636,doo****,평일점심웨이팅좀하다가 들아왔어요가게넓고쾌적해요너무맛있게먹고갑니다,2025-04-08,"점심에 방문, 예약 없이 이용, 대기 시간 30분 이내, 데이트, 연인・배우자",매장이 넓어요,15,1
1527765636,bya****,매장은 아늑한편이고 음식 양도 많고 다 맛있게 먹었어요! 맛있게 먹고 데이트 잘 하고 갑니다!,2025-04-08,"점심에 방문, 예약 없이 이용, 대기 시간 10분 이내, 데이트, 연인・배우자",음식이 맛있어요,14,1
1527765636,포도배,맛이 깔끔하고 맛있어요!,2025-04-07,"저녁에 방문, 예약 없이 이용, 대기 시간 30분 이내, 나들이",음식이 맛있어요,8,1
1527765636,먹죽귀,성동구 ​뚝섬역 근처에 위치한요쇼쿠 서울숲 본점 다녀왔어요평일 오후 6시쯤 방문했고 웨이팅이있어 매장 안에 원격 테이블링기계로 웨이팅 등록 후 15분 정도대기했습니다매장은 2층에 자리하고 있으며깔끔하고 세련된 인테리어가돋보였습니다대표 메뉴 중에 돈카츠 오므라이스를주문했고 혼잡한 시간대라 그런지메뉴는 조금 늦게 나왔어요돈까스는 등심 부분이었고 핑크빛이돌지는 않았지만 굉장히 촉촉했습니다계란은 기대보다 부드럽지는 않았고볶음밥은 예전에 부모님이 해주시던가정식 느낌이라 오히려 좋았어요소스는 과하게 달지도 않고 적당히상큼해 돈카츠와 오므라이스 같이먹기 잘 어울렸습니다다양한 일본 음식 메뉴들이 있어다양하게 먹을 수 있어서 좋았고직원분들도 굉장히 친절하셨어요,2025-04-07,"저녁에 방문, 예약 없이 이용, 대기 시간 30분 이내, 일상, 혼자",음식이 맛있어요,2211,1
1527765636,woo****,맛있어용!! 😋,2025-04-07,"저녁에 방문, 예약 없이 이용, 대기 시간 10분 이내, 친목, 친구",음식이 맛있어요,4,1
1527765636,beh****,토마토라면과 카츠오므라이스 시켰어요 ~ 음료가 저렴한 편이에요,2025-04-07,"저녁에 방문, 예약 없이 이용, 대기 시간 바로 입장, 데이트, 연인・배우자",재료가 신선해요,31,1
1527765636,반도한,"부타동이랑 로스카츠, 떡볶이 시켰는데 음식도 맛있고 일본 가정식 분위기라 좋았어요! 다음에 또 올거 같습니다☺️",2025-04-07,"저녁에 방문, 예약 없이 이용, 대기 시간 바로 입장, 데이트, 연인・배우자",뷰가 좋아요,5,1
1527765636,김지찬69,완전 맛있음!,2025-04-07,"저녁에 방문, 예약 없이 이용, 대기 시간 10분 이내, 데이트, 연인・배우자",대화하기 좋아요,16,1
1527765636,떠녕잉,세트메뉴 하면 메뉴 3개에 3만원 초반대로 꽤나 가성비있게 즐길 수 있어용! 잘 먹고 가용 😻,2025-04-07,"저녁에 방문, 예약 없이 이용, 대기 시간 바로 입장, 데이트, 연인・배우자",매장이 넓어요,15,1
1527765636,라이온47,일단 오므라이스 비주얼이 미쳤고~ 명란 오일 소바도 굉장히 맛있어요~ 오므라이스 올라가는 함바그도 맛있어요~ 5시 조금 넘어 가면 웨이팅 있으니까 맞춰서 가는거 추천드려요~,2025-04-07,"저녁에 방문, 예약 없이 이용, 대기 시간 10분 이내, 데이트, 연인・배우자",인테리어가 멋져요,34,1
1527765636,ss1023124,처음 와봤는데 음식도 맛있고 담에 또 올거같아요!,2025-04-07,"점심에 방문, 예약 없이 이용, 대기 시간 바로 입장, 데이트, 연인・배우자",음식이 맛있어요,25,1
1527765636,zeroc,운좋게 웨이팅 없이 방문 했어요 맛있습니다 :),2025-04-07,"점심에 방문, 예약 없이 이용, 대기 시간 바로 입장, 친목, 나들이, 친구, 지인・동료",대화하기 좋아요,10,1
1527765636,이민영9371,같이간 지인들도 한입 넣자마자 맛있다고 하네요 ! 제가 먹었던 큐브 부타동에 돼지고기가 .. 진짜 촉촉하고 소스도 미쳤습니다 .. 나중에 또 성수동 오면 여기루 와야겠어요 :),2025-04-07,"점심에 방문, 예약 후 이용, 대기 시간 바로 입장, 친목, 지인・동료",음식이 맛있어요,34,1
1527765636,lgy****,친구랑 왔는데 가성비도 좋고 너무 맛있어요!!,2025-04-07,"점심에 방문, 예약 없이 이용, 대기 시간 10분 이내, 친목, 친구",음식이 맛있어요,29,1
1527765636,브리앙한,맛있고 대기가 생각보다 빨리빠져요 데이트 필수코스!,2025-04-07,"점심에 방문, 예약 없이 이용, 대기 시간 10분 이내, 데이트, 연인・배우자",음식이 맛있어요,2,1
1527765636,이상비13,경양시로스카츠 너무 부드럽고 맛있어요 마제소바랑 가츠동도 가성비에 너무 좋아요 재방문의사 있습니당ㅇ,2025-04-06,"저녁에 방문, 예약 후 이용, 대기 시간 30분 이내, 나들이, 친구",음식이 맛있어요,10,1
1527765636,journey77527,음식 양도 많고 맛있어요! 잘 먹었습니다♥,2025-04-06,"저녁에 방문, 예약 없이 이용, 대기 시간 1시간 이상, 데이트, 연인・배우자",음식이 맛있어요,12,1
1527765636,John984,너무 이쁘고 맛있어요~담에 또 올께요,2025-04-06,"저녁에 방문, 예약 후 이용, 대기 시간 1시간 이상, 데이트, 연인・배우자",음식이 맛있어요,29,1
1527765636,condition nanjyo,맛있어요~,2025-04-06,"저녁에 방문, 예약 없이 이용, 대기 시간 바로 입장, 데이트, 연인・배우자",뷰가 좋아요,7,1
1527765636,유진6681,주말에 왔는데 웨이팅 생각보다 금방빠지고 늦게와서 면종류는 품절이었어용ㅜㅜ 카레랑 오므라이스랑 돈카츠 존맛이에용!!,2025-04-06,"점심에 방문, 예약 없이 이용, 대기 시간 30분 이상, 데이트, 연인・배우자",음식이 맛있어요,81,1
1527765636,als****,,2025-04-06,"점심에 방문, 예약 후 이용, 대기 시간 30분 이상, 친목, 친구",음식이 맛있어요,1,1
1527765636,wja****,진짜 줄설만함니다 진짜 맛있어요. 추천합니다.기다릴만한 가치 있습니다.,2025-04-06,"점심에 방문, 예약 없이 이용, 대기 시간 30분 이내, 데이트, 연인・배우자",음식이 맛있어요,58,1
1527765636,이해발견,맛있었습니다,2025-04-06,"점심에 방문, 예약 없이 이용, 대기 시간 바로 입장, 데이트, 연인・배우자",음식이 맛있어요,16,1
1527765636,못말린다,"11:30 오픈인데 11:20쯤 도착했더니 이미 대기가 길었어요. 그래도 바로 들어왔고, 너무너무 만족합니다! 메뉴도 다양하고 맛있어요!! 파이탄소바 후기가 별로 없어서 걱정했는데 얼큰하고 너무 맛있습니다~",2025-04-06,"점심에 방문, 예약 없이 이용, 대기 시간 바로 입장, 데이트, 연인・배우자",친절해요,179,1
1527765636,shhhe,전에도 왔었는데 맛있고 분위기도 좋아서 또 왔어요!돈까스오므라이스 짱맛있어요!,2025-04-06,"점심에 방문, 예약 없이 이용, 대기 시간 바로 입장, 데이트, 연인・배우자",음식이 맛있어요,19,1
1527765636,독수리7923,깔끔하고 맛있어요~~,2025-04-05,"저녁에 방문, 예약 없이 이용, 대기 시간 바로 입장, 데이트, 친구",가성비가 좋아요,2,1
1527765636,김박순지,넘넘 맛있어용~! 매장도 깔끔하고 가격도 합리적이고다음에 서울숲오면 또먹으려구용~!!,2025-04-05,"점심에 방문, 예약 없이 이용, 대기 시간 바로 입장, 친목, 친구",음식이 맛있어요,13,1
1527765636,롱3445,특색있는 메뉴가 있어서 좋아요~ 맛도 좋습니다!,2025-04-05,"점심에 방문, 예약 없이 이용, 대기 시간 10분 이내, 친목, 친구",음식이 맛있어요,116,1
1527765636,재준8977,"음식 너무 맛있고, 양도 꽤 많아요. 잘 먹고 갑니다",2025-04-05,"점심에 방문, 예약 없이 이용, 대기 시간 바로 입장, 데이트, 연인・배우자",음식이 맛있어요,26,1
1527765636,박유길,직원분이 너무 친절하시고 시설이 너무 깔끔하고 청결 해서 좋습니다 맛도 너무너무 있고 이런 곳은 처음이에요.다음에 성수오면 또 오고 싶어요~,2025-04-05,"점심에 방문, 예약 없이 이용, 대기 시간 바로 입장, 데이트, 연인・배우자",양이 많아요,3,1
1527765636,Mina47,맛있어요!!!,2025-04-05,"점심에 방문, 예약 없이 이용, 대기 시간 바로 입장, 여행, 친구",음식이 맛있어요,749,1
1527765636,ㅇㅇ7527,너무 맛있어요!!!오픈하자 마자 들어가서 안기다리고음식도 빨리나와서 좋았습니당자주 올게요ㅎㅎ,2025-04-05,"점심에 방문, 예약 없이 이용, 대기 시간 바로 입장, 데이트, 연인・배우자",음식이 맛있어요,16,1
1527765636,군낟,좀 웨이팅 기다려서 왔는데 맛있네용 성수 오면 또 먹을 의향 있어요😄😃,2025-04-04,"저녁에 방문, 예약 후 이용, 대기 시간 30분 이내, 데이트, 연인・배우자",음식이 맛있어요,83,1
1527765636,신혜주10,"일단 비주얼부터 맛있어보이고, 양도 충분해서 좋아여! 친구랑 다른 메누 시켜서 쉐어하며 먹으면 좋을것같습니다!!",2025-04-04,"저녁에 방문, 예약 후 이용, 대기 시간 30분 이내, 데이트, 연인・배우자",매장이 넓어요,17,1
1527765636,프로필41,"매장이 깔끔하고, 음식이 가성비있게나와서성수동에서 먹기좋아요.돈까스 오모라이스맛있어요",2025-04-04,"저녁에 방문, 예약 없이 이용, 대기 시간 30분 이상, 데이트, 연인・배우자",음식이 맛있어요,12,1
1527765636,yun****,맛있어요,2025-04-04,"저녁에 방문, 예약 없이 이용, 대기 시간 10분 이내, 일상, 친구",음식이 맛있어요,5,1
1527765636,성서진,평일 오후에 방문했어요! 음식 맛있네요ㅎㅎ,2025-04-04,"저녁에 방문, 예약 후 이용, 대기 시간 30분 이내, 데이트, 연인・배우자",음식이 맛있어요,18,1
1527765636,파송송 부랄탁 칠 정도로 맛난집,라유파이탄소바는 호불호 먹을 수 있는 한국적인 맛이었어요!카츠세트로 시켰는데 카츠도 푸짐하고 가성비가 좋아요!,2025-04-04,"저녁에 방문, 예약 없이 이용, 대기 시간 바로 입장, 데이트, 연인・배우자",혼밥하기 좋아요,9,1
1527765636,gun****,음식이 너무 이쁘게 생기도 그만큼 맛있어요😊다음에 또 오고싶어요!!,2025-04-04,"저녁에 방문, 예약 없이 이용, 대기 시간 바로 입장, 데이트, 연인・배우자",친절해요,4,1
1527765636,csw****,사장님이 친절하시고 음식이 맛있어요! 추천합니다!,2025-04-04,"점심에 방문, 예약 없이 이용, 대기 시간 바로 입장, 데이트, 연인・배우자",음식이 맛있어요,21,1
1527765636,hsj****,가격도 저렴하고 음식도 정말 맛있습니다!직원분들 전부 친절하시고 무엇보다 음식이 빨리 나와요ㅎㅎ,2025-04-04,"점심에 방문, 예약 없이 이용, 대기 시간 바로 입장, 데이트, 연인・배우자",음식이 맛있어요,5,1
1527765636,cvb****,음식이 예쁘고 가게 공간도 분위기있고 좋아요~~,2025-04-04,"점심에 방문, 예약 후 이용, 대기 시간 10분 이내, 데이트, 연인・배우자",음식이 맛있어요,9,1
1527765636,또꽃,오므라이스 비주얼에 반해서 방문했어요너무 예쁘게 나오네요사진 찍을 맛이 나요비주얼만틈 맛도 좋아요돈카츠도 너무 맛있습니아,2025-04-04,"점심에 방문, 예약 없이 이용, 대기 시간 10분 이내, 데이트, 연인・배우자",음식이 맛있어요,104,1
1527765636,p2718,양도 많고 맛도 좋고 분위기도 좋아요!! 성수/서울숲 데이트 하다가 밥 먹으러 요쇼쿠 오기 딱 좋아요!!!😆👍🏻👍🏻👍🏻👍🏻,2025-04-04,"점심에 방문, 예약 없이 이용, 대기 시간 10분 이내, 데이트, 연인・배우자",뷰가 좋아요,31,1
1527765636,밈5617,맛있어요 !! ㅠㅠㅗㅠ,2025-04-04,"점심에 방문, 예약 없이 이용, 대기 시간 10분 이내",음식이 맛있어요,46,1
1527765636,btd****,다 너무 맛있었는데 소바가 너무 맛있었어요!! 직원분들도 다들 친절하시니 다들 방문 추천 😆😆,2025-04-04,"점심에 방문, 예약 없이 이용, 대기 시간 10분 이내",음식이 맛있어요,21,1
1527765636,눈누3791,금요일 점심 방문했습니다:) 매장 깔끔하고 꽤 넓은 편이에요!! 메뉴도 금방 나오고 하나하나 다 맛있네요☺️,2025-04-04,"점심에 방문, 예약 없이 이용, 대기 시간 30분 이내, 친목, 부모님",매장이 넓어요,25,1
1527765636,sam****,서울 놀러오면 꼭 먹어보고 싶었던 곳인데 진짜 맛있어요!!! 😋,2025-04-04,"점심에 방문, 예약 없이 이용, 대기 시간 30분 이내, 데이트, 연인・배우자",혼밥하기 좋아요,12,1
1527765636,용이2,친구들이랑 방문했는데괜찮네요!,2025-04-04,"점심에 방문, 예약 없이 이용, 대기 시간 바로 입장, 데이트, 친구",음식이 맛있어요,18,1
1527765636,꼬미631,요소쿠 점심 방문했는데 재료도 알차고 너무 맛있어요! 서울숲에 데이트하면서 가볍게 맛있는거 먹으러 오기 좋은 장소 ㅎㅎ 부타동도 기본 시켰는데 고기도 많아서 좋아용,2025-04-04,"점심에 방문, 예약 없이 이용, 대기 시간 바로 입장, 데이트, 연인・배우자",음식이 맛있어요,,1
1527765636,ydo****,음식이 너무 맛있어요^^,2025-04-04,"점심에 방문, 예약 없이 이용, 대기 시간 바로 입장, 데이트, 연인・배우자",음식이 맛있어요,,1
1527765636,lim23111,음식 가격도 괜찮고 맛있어요! 음식도 빨리 나와요!,2025-04-04,"점심에 방문, 예약 없이 이용, 대기 시간 바로 입장, 데이트, 연인・배우자",음식이 맛있어요,,1
1527765636,zzang86phy,오랜만에 데이트하러 서울숲 방문했는데저번에 맛있게 먹었던 기억이 있어서 또 방문했습니다!!😁,2025-04-03,"저녁에 방문, 예약 없이 이용, 대기 시간 10분 이내, 데이트, 연인・배우자",음식이 맛있어요,1,2
1527765636,Gyu90,인테리어 아늑하고 음식도 맛있었어요. 즐겁게 데이트 하기 좋아요 ㅎㅎ,2025-04-03,"저녁에 방문, 예약 없이 이용, 대기 시간 바로 입장, 데이트, 연인・배우자",음식이 맛있어요,,1
1527765636,신명근15,맛있어요. 뚝섬역 주변 가성비 좋은 매장인것 같아요,2025-04-03,"저녁에 방문, 예약 없이 이용, 대기 시간 바로 입장, 나들이, 친구",음식이 맛있어요,,1
1527765636,woo****,음식이 너무 맛있고 직원분들이 친절하고 서비스가 좋아요!,2025-04-03,"점심에 방문, 예약 후 이용, 대기 시간 10분 이내, 데이트, 연인・배우자",음식이 맛있어요,,1
1527765636,푸희희희히,그릇도 넘 이쁘고 맛도 있어버려요...♡ 덮밥 장도 따로 주시고 완전 제 취향입니다 다음에 또 방문할게요 ♡ !!,2025-04-03,"점심에 방문, 예약 없이 이용, 대기 시간 10분 이내, 데이트, 연인・배우자",음식이 맛있어요,,1
1527765636,소피6274,맛있어요,2025-04-03,"점심에 방문, 예약 없이 이용, 대기 시간 10분 이내, 데이트, 연인・배우자",음식이 맛있어요,,1
1527765636,짜릿핑,서울숲 구경하려왔다가 점심을 여기서 먹게됬는데 맛있더라고요 ! 맨날 성수오면 일식먹는데 잘골랐어요 근데 세트 종류가 다양하지않고 소바가 무조건 들어가있어서 세트로 못먹었네요 ㅠㅠ,2025-04-03,"점심에 방문, 예약 후 이용, 대기 시간 10분 이내, 나들이, 친구",음식이 맛있어요,4,1
1527765636,황유212,,2025-04-02,"저녁에 방문, 예약 없이 이용, 대기 시간 바로 입장, 친목, 친구",음식이 맛있어요,2,1
1527765636,kej****,"뚝섬역 근처 맛집 찾다가 발견했어요!인테리어도 깔끔하고, 음식이 빨리 나와요!가츠동 푸짐하게 잘 나오고 토리파이탄도 살짝 매우면서 맛있습니다😀",2025-04-02,"저녁에 방문, 예약 없이 이용, 대기 시간 바로 입장, 데이트, 연인・배우자",음식이 맛있어요,40,1
1527765636,jhh****,가라아게도 너무 너무 맛있어요~! 💗,2025-04-02,"점심에 방문, 예약 없이 이용, 대기 시간 바로 입장, 친목, 친구",음식이 맛있어요,6,1
1527765636,김태균91,양도 많고 맛도있어서 좋았어요. 다음에 또 올게요!,2025-04-02,"점심에 방문, 예약 없이 이용, 대기 시간 바로 입장, 데이트, 연인・배우자",음식이 맛있어요,13,1
1527765636,sharp7870,맛있게 잘 먹었습니다 서울 숲에서 첫방문인데다음에도 오겠습니다!,2025-04-02,"점심에 방문, 예약 없이 이용, 대기 시간 바로 입장, 데이트, 연인・배우자",매장이 넓어요,39,1
1527765636,2한2담,함박스테이크랑 소바 먹었는데 맛있어요~ 함박에서 육즙 나오고 부들부들해요!,2025-04-02,"점심에 방문, 예약 없이 이용, 대기 시간 바로 입장, 일상, 연인・배우자",음식이 맛있어요,13,1
1527765636,ky****,맛있어요 다음에 또 오고 싶어요~,2025-04-02,"점심에 방문, 예약 없이 이용, 대기 시간 10분 이내, 친목, 친구",음식이 맛있어요,7,1
1527765636,nerved,맛있어요,2025-04-02,"점심에 방문, 예약 없이 이용, 대기 시간 바로 입장, 데이트, 친구",음식이 맛있어요,16,1
1527765636,푸퓨58,가게도 아기자기하게 이쁘고 음식도 맛있어요 ㅎㅎ 다음에 재방문 예정입니다!,2025-04-02,"점심에 방문, 예약 없이 이용, 대기 시간 바로 입장, 데이트, 연인・배우자",음식이 맛있어요,13,1
1527765636,ar****,오므라이스 찐 맛집입니다 너무 맛있어요,2025-04-01,"저녁에 방문, 예약 후 이용, 대기 시간 바로 입장, 데이트, 연인・배우자",음식이 맛있어요,48,1
1527765636,srncw13,너무 맛있어요!,2025-04-01,"저녁에 방문, 예약 후 이용, 대기 시간 10분 이내, 친목, 친구",음식이 맛있어요,23,1
1527765636,지윤이이,첫 데이트로 고민하다 고른 맛집인데 칭찬도받고 뷴위기도 더 좋았어요 ㅎㅎㅎ진짜맛있어요 최고!!!,2025-04-01,"저녁에 방문, 예약 없이 이용, 대기 시간 10분 이내, 데이트, 연인・배우자",음식이 맛있어요,3,1
1527765636,피콜,맛나고 매장도 청결합니다,2025-04-01,"저녁에 방문, 예약 없이 이용, 대기 시간 바로 입장, 데이트, 연인・배우자",음식이 맛있어요,8,1
1527765636,주미733,비주얼이 미쳤어여… 두 번째 방문이에여 다음에 또 올게요 ㅎㅎ,2025-04-01,"저녁에 방문, 예약 없이 이용, 대기 시간 바로 입장, 친목, 친구",음식이 맛있어요,15,1
1527765636,KEEP SURFING,음식이 깔끔하고 맛있어요! 메뉴도 빨리 나옵니다:),2025-04-01,"점심에 방문, 예약 없이 이용, 대기 시간 바로 입장, 데이트, 연인・배우자",음식이 맛있어요,65,1
1527765636,Be60,세트 구성이 너무 알차요마제소바 기대 안했는데 먹었건 마제소바 중 젤 맛나네요소스들도 전부 맛았고 고기도 튼실하네요그리고 점심에계신 여자분 불친절하십니다.,2025-04-01,"점심에 방문, 예약 없이 이용, 대기 시간 10분 이내, 여행, 지인・동료",재료가 신선해요,49,1
1527765636,김청순34,서울숲 산책 하면서 가까운 곳에 있어서 왔는데 너무 맛있어요!플레이팅도 예쁘고 또 올게요!,2025-04-01,"점심에 방문, 예약 없이 이용, 대기 시간 바로 입장, 데이트, 연인・배우자",음식이 맛있어요,13,1
1527765636,로메,저녁타임에 들어오자마자 바로 만석이 되네요. 아이와 함께 와서 마침 세트메뉴를 주문했습니다. 더블A 세트로 주문했는데라유 파이탄소바는 의외로 꽤 맵네요,2025-03-31,"저녁에 방문, 예약 없이 이용, 대기 시간 바로 입장, 일상, 연인・배우자, 아이",음식이 맛있어요,6,1
1527765636,안영진51,푸짐하고 맛있게 잘 먹었습니당 ㅎㅎ사장님도 친절하시고 다음에 또 방문할 거 같아요!!👍,2025-03-31,"저녁에 방문, 예약 없이 이용, 대기 시간 바로 입장, 데이트, 연인・배우자",음식이 맛있어요,7,1
1527765636,정민경4253,,2025-03-31,"저녁에 방문, 예약 없이 이용, 대기 시간 바로 입장, 데이트, 친구",친절해요,16,1
