place_id,nickname,content,date,revisit,situations,keywords,review_count,visit_count
38232807,아어빙그렛,맛있어요!,방문일,1번째 방문,"저녁에 방문, 예약 없이 이용, 대기 시간 바로 입장, 친목, 친구",음식이 맛있어요,79,1
38232807,신도리 가족,맛있어 자주 찾는 곳이에요,방문일,3번째 방문,"점심에 방문, 예약 없이 이용, 대기 시간 바로 입장, 일상, 혼자",음식이 맛있어요,1296,3
38232807,xx****,생각하고 기대했던 맛 그대로예요 맛있는 집밥 오래해주세용,방문일,1번째 방문,"저녁에 방문, 예약 없이 이용, 대기 시간 바로 입장, 일상, 혼자",음식이 맛있어요,79,1
38232807,나94575,,방문일,1번째 방문,"점심에 방문, 예약 없이 이용, 대기 시간 바로 입장, 일상, 친구",음식이 맛있어요,706,1
38232807,신도리 가족,너무 맛있어요,방문일,2번째 방문,"점심에 방문, 예약 없이 이용, 대기 시간 바로 입장, 일상, 혼자",음식이 맛있어요,1296,2
38232807,고구마와 감자,완전 맛있어요 재방문 의사 많음! 김부각에 있는 소스? 유자소스? 도 맛있어용,방문일,1번째 방문,"아침에 방문, 예약 없이 이용, 대기 시간 바로 입장, 친목, 친구",아늑해요,18,1
38232807,왈랍,"산나물밥 먹었습니다. 제가 많이 슴슴하게 먹는 건지 같이 나오는 간장양념없이도 간간하게 간이 맞더라고요. 밥도 반찬들도 다 맛있었습니다. 그런데 밥 양이 너무 적어요.. 큰 그릇에 넓게 펼쳐나오는데 실제로 모아보니 일반 식당 밥공기에 널널하게 퍼담은 정도의 양밖에 안됐습니다. 마름~정상체중 여자인데도 다 먹고나서 배가 찬다는 느낌이 아니라 딱 허기가 가시는 정도밖에 안돼서 아침식사로는 몰라도 점심, 저녁식사로는 많이 부족한 양이 아닌가합니다. 다른 메뉴와 달리 단백질이 부족한 구성에 메인반찬 없이 산나물밥 자체가 메인인 이상 한끼식사로 적당하려면 밥 양이 좀 더 많아야하지 않나싶습니다.",방문일,1번째 방문,"점심에 방문, 예약 없이 이용, 대기 시간 바로 입장, 일상, 혼자",음식이 맛있어요,46,1
38232807,신도리 가족,음식이 맛있어요,방문일,1번째 방문,"점심에 방문, 예약 없이 이용, 대기 시간 바로 입장, 일상, 친구",음식이 맛있어요,1296,1
38232807,형아3254,음식이 너무 깔끔하고 정갈해서 먹는데 기분이 좋았어요:),방문일,1번째 방문,"점심에 방문, 예약 없이 이용, 대기 시간 바로 입장, 나들이, 친구",음식이 맛있어요,94,1
38232807,천둥7225,매장이 깔끔하고 음식도 맛있었어요,방문일,1번째 방문,"점심에 방문, 예약 없이 이용, 대기 시간 바로 입장, 일상, 지인・동료",음식이 맛있어요,192,1
38232807,서연할매,조,방문일,1번째 방문,"점심에 방문, 예약 없이 이용, 대기 시간 바로 입장, 일상, 지인・동료",혼밥하기 좋아요,2647,1
38232807,쟈몽80,건강한 저염식으로 즐길수 있는 한끼예요,방문일,1번째 방문,"점심에 방문, 예약 없이 이용, 대기 시간 바로 입장, 일상, 부모님",재료가 신선해요,3193,1
38232807,ehg****,명란비빔밥 조금 짜요. 밥양을 늘여야할듯,방문일,1번째 방문,점심에 방문,재료가 신선해요,647,1
38232807,투인맘24,굿,방문일,2번째 방문,점심에 방문,음식이 맛있어요,1199,2
38232807,감자7033,양이 많음,방문일,2번째 방문,"점심에 방문, 예약 없이 이용, 대기 시간 바로 입장, 친목, 친구",음식이 맛있어요,150,2
38232807,투인맘24,굿,방문일,1번째 방문,저녁에 방문,혼밥하기 좋아요,1199,1
38232807,IRENE43,건강한 음식 생각날때 항상 오는 곳이에요! 정성 담긴 음식 먹으면서 항상 마음도 차분해지더라구요 오래오래 영업해주시면 좋겠어요 :),방문일,1번째 방문,저녁에 방문,혼밥하기 좋아요,9,1
38232807,연736,맛있어요,방문일,1번째 방문,저녁에 방문,음식이 맛있어요,963,1
38232807,딩가딩가69,,방문일,1번째 방문,밤에 방문,음식이 맛있어요,1524,1
38232807,김케일284,,방문일,1번째 방문,"저녁에 방문, 예약 없이 이용, 대기 시간 바로 입장, 일상, 혼자",음식이 맛있어요,195,1
38232807,2raemie,건강하고 맛있어요~,방문일,1번째 방문,밤에 방문,음식이 맛있어요,1061,1
38232807,푸른 하늘이 좋아,산나물밥이 고소하고 반찬들도 맛있습니다.저염식이라고 적혀있긴하나 싱겁지않고 적당합니다.,방문일,1번째 방문,점심에 방문,음식이 맛있어요,1928,1
38232807,heej05,항상 명란비빔밥 먹으러 오는데 정갈하고 다양한 나물 위주의 반찬이 있어서 건강해지는 느낌을 받아요:),방문일,3번째 방문,저녁에 방문,음식이 맛있어요,190,3
38232807,gol****,맛있어요,방문일,4번째 방문,점심에 방문,음식이 맛있어요,381,4
38232807,kdgry,"저염식으로 유명하다길래 와봤는데 일반식 이상으로 짜서 당황했어요... 짠 거 잘 못 드시는 분들은 명란 덜어서 드셔보세요 🥹 반찬 구성이 알차고, 가게 깨끗하고 식기까지 정갈하게 나오는 건 좋아요",방문일,1번째 방문,점심에 방문,가성비가 좋아요,159,1
38232807,Llllaaallll,먹을 때마다 맛있는 곳 ❤️,방문일,1번째 방문,점심에 방문,혼밥하기 좋아요,283,1
38232807,cha****,사장님 친절하세요 밥은 저염인데 반찬이랑 먹으면 괜찮습니다 요즘 밖에서 건강한 밥 먹기 어려운데 오랜만에 맛있게 먹을 수 있어서 좋았습니다!,방문일,1번째 방문,저녁에 방문,친절해요,17,1
38232807,붉은 노을66,맛있는 정갈한 한식 밥상ㅎㅎ,방문일,1번째 방문,아침에 방문,음식이 맛있어요,129,1
38232807,람보르기니페라리,Good,방문일,2번째 방문,저녁에 방문,음식이 맛있어요,1128,2
38232807,dkrpgmv,굿,방문일,1번째 방문,저녁에 방문,음식이 맛있어요,2080,1
38232807,heej05,"몸과 마음이 건강해지고 싶은 날 방문하게 되는 곳이예요:) 항상 친절하신 사장님, 맛있는 밥이 준비되어있어요~!",방문일,2번째 방문,저녁에 방문,혼밥하기 좋아요,190,2
38232807,Queen쌤,깔끔하게 맛있는 집입니다~^^*~간만에 왔어요~,방문일,1번째 방문,점심에 방문,재료가 신선해요,76,1
38232807,zzanggrang,,방문일,1번째 방문,저녁에 방문,음식이 맛있어요,290,1
38232807,닉넴므,정갈한 저염식이라 좋아요.,방문일,1번째 방문,밤에 방문,매장이 청결해요,1427,1
38232807,트위리네,굿,방문일,1번째 방문,저녁에 방문,친절해요,933,1
38232807,gol****,맛있어요,방문일,3번째 방문,점심에 방문,음식이 맛있어요,381,3
38232807,apr****,좋아요,방문일,3번째 방문,점심에 방문,혼밥하기 좋아요,1321,3
38232807,눈꽃79,학교 근처라 가까워서 좋아용 오늘 처음 와봤는데 너무 맛있어요! 요즘 간이 센 음식만 먹다보니 요런 음식이 먹고 싶었어요 양도 많고! 반찰 리필도 해주셨어요 너무 친절한 직원분♥ 다음에 또 올게요☆  장아찌불고기 적극 추천합니다 ☆,방문일,2번째 방문,점심에 방문,혼밥하기 좋아요,254,2
38232807,잘먹잘놀잘살,👍👍👍👍,방문일,1번째 방문,점심에 방문,재료가 신선해요,253,1
38232807,Dandelion1215,깔끔한 한끼로 맛있게 먹었어요,방문일,1번째 방문,밤에 방문,혼밥하기 좋아요,353,1
1751348952,토마도아,양이 많이 적은 편이지만 와사비 오일이 맘에 들어서 또 와볼 거 같습니다. 비싼 가격인 만큼 양 조금만 늘려주셨으면 좋겠어요.,방문일,1번째 방문,"저녁에 방문, 예약 없이 이용, 대기 시간 바로 입장, 친목, 친구",매장이 넓어요,14,1
1751348952,74d****,신선하고 맛있게 잘먹었습니다,방문일,3번째 방문,"점심에 방문, 예약 없이 이용, 대기 시간 10분 이내, 데이트, 친구",음식이 맛있어요,1316,3
1751348952,김노인96,넘 맛있어요 쾁쾁쾁 으하하하😍😍😍,방문일,2번째 방문,"점심에 방문, 예약 없이 이용, 대기 시간 바로 입장, 일상, 혼자",음식이 맛있어요,40,2
1751348952,저어엉콩,항상 맛있어요,방문일,3번째 방문,"점심에 방문, 예약 없이 이용, 대기 시간 바로 입장, 데이트, 연인・배우자",매장이 넓어요,545,3
1751348952,yysj911,맛있습니다,방문일,5번째 방문,"저녁에 방문, 예약 없이 이용, 대기 시간 바로 입장, 나들이, 혼자",음식이 맛있어요,334,5
1751348952,강소이0,클래식 참치포케 좋아요,방문일,1번째 방문,"점심에 방문, 예약 없이 이용, 대기 시간 바로 입장, 일상, 혼자",음식이 맛있어요,2605,1
1751348952,맛도리를 찾아서 떠난자,skt 5천원 할인 있길래 한 번 가봤어요! 부채살 스테이크 메뉴 먹었더니 든든해요 ㅎ,방문일,1번째 방문,"점심에 방문, 예약 없이 이용, 대기 시간 바로 입장, 친목, 부모님",매장이 넓어요,90,1
1751348952,toza,,방문일,1번째 방문,점심에 방문,음식이 맛있어요,553,1
1751348952,라온샐빛,할인받아서 먹으니 합리적임.,방문일,1번째 방문,"점심에 방문, 예약 없이 이용, 대기 시간 10분 이내, 일상, 혼자",특별한 메뉴가 있어요,691,1
1751348952,새비아씨61,전체적으로 건강한 음식먹고싶을때 가볍게 먹기 좋은것같습니다,방문일,1번째 방문,"점심에 방문, 예약 없이 이용, 대기 시간 바로 입장, 일상, 혼자",음식이 맛있어요,78,1
1751348952,Ashley5,테이크아웃해서 먹기 좋아요,방문일,1번째 방문,"점심에 방문, 포장·배달 이용, 대기 시간 바로 입장, 혼자",혼밥하기 좋아요,73,1
1751348952,왕감자58,소스가 조금 부족했다 들어가는 재료가 다양햐소 좋다,방문일,1번째 방문,"점심에 방문, 예약 없이 이용, 대기 시간 바로 입장, 일상, 친구",음식이 맛있어요,560,1
1751348952,메롱8475,타매장에 비해 양이 조금 적은 것 같아요 :(,방문일,2번째 방문,"저녁에 방문, 예약 없이 이용, 대기 시간 바로 입장, 혼자",음식이 맛있어요,559,2
1751348952,wo****,1샐러그랩을 먹하고싶은데 안 찾았어요. 근데 부채살 스테이크 추천드려요. 2너무빨르게 음식들 나왔어요.,방문일,1번째 방문,"점심에 방문, 예약 없이 이용, 대기 시간 바로 입장, 나들이, 친구",음악이 좋아요,1,1
1751348952,메롱8475,체인점이라 평타~! 다른 포케보다 슬로우캘리가 맛있어요,방문일,1번째 방문,"점심에 방문, 예약 없이 이용, 대기 시간 바로 입장, 혼자",음식이 맛있어요,559,1
1751348952,zzanggrang,,방문일,2번째 방문,"저녁에 방문, 예약 없이 이용, 대기 시간 바로 입장, 친목, 일상, 친구",음식이 맛있어요,290,2
1751348952,Mintcho,굿,방문일,3번째 방문,점심에 방문,음식이 맛있어요,454,3
1751348952,도토리끼리,,방문일,2번째 방문,"저녁에 방문, 예약 없이 이용, 대기 시간 바로 입장, 일상, 혼자",음식이 맛있어요,516,2
1751348952,맛집대탐방맛집,맛있고 친절합니다!!,방문일,17번째 방문,"저녁에 방문, 예약 없이 이용, 대기 시간 바로 입장",음식이 맛있어요,500,17
1751348952,저어엉콩,,방문일,2번째 방문,"저녁에 방문, 예약 없이 이용, 대기 시간 바로 입장, 나들이, 혼자",음식이 맛있어요,545,2
1751348952,줄리아1303,짱 밋있음!!! 꼭 소스랑 같이 드셔보세요!,방문일,1번째 방문,"저녁에 방문, 예약 없이 이용, 대기 시간 바로 입장, 나들이, 친구",재료가 신선해요,215,1
1751348952,맘3387,굿,방문일,2번째 방문,"저녁에 방문, 예약 없이 이용, 대기 시간 바로 입장, 일상, 혼자",음식이 맛있어요,1408,2
1751348952,복숭아99,음식 주문하자마자 나오고 맛있어용,방문일,1번째 방문,"저녁에 방문, 예약 없이 이용, 대기 시간 바로 입장, 친목",음식이 맛있어요,464,1
1751348952,제레미7959,포케.2차대전 후 하와이에 건너간 수많은 일본인들이 간장과 밥 등 아시아의 재료를 넣어서 서양식으로 만든 요리. 영화 '더 플랫폼'에는 감옥에 들어가기 전 딱 한가지 음식을 정하고 그 음식을 수감생활 내내 먹을 수 있다는 설정이 있다. 나는 그런 상황에서 무슨 음식을 고를까? 영양 밸런스와 맛을 고려할 때... 나라면 답은 포케다,방문일,1번째 방문,"저녁에 방문, 예약 없이 이용, 대기 시간 바로 입장, 데이트, 연인・배우자",음식이 맛있어요,145,1
1751348952,Mintcho,맛있어요 ㅎㅎ,방문일,2번째 방문,점심에 방문,음식이 맛있어요,454,2
1751348952,엘펑,"포케 처음 먹어봤습니다. 건강식 같으면서도 같지 않아보이는게, 밑바닥 소스가 기름집니다. 다이어트 아니어도 괜찮게, 곱배기 메뉴가 있으면 더 좋을 것 같아요. 맛은 있습니다. 감사합니다.",방문일,1번째 방문,"저녁에 방문, 예약 없이 이용, 대기 시간 바로 입장",재료가 신선해요,1526,1
1751348952,김노인96,항상 맛있어요!,방문일,1번째 방문,"점심에 방문, 예약 없이 이용, 대기 시간 바로 입장, 혼자",음식이 맛있어요,40,1
1751348952,꿀벌9868,맛있어요,방문일,1번째 방문,"점심에 방문, 예약 없이 이용, 대기 시간 10분 이내",음식이 맛있어요,1030,1
1751348952,저어엉콩,신선하고 맛있어요,방문일,1번째 방문,"저녁에 방문, 포장·배달 이용, 대기 시간 바로 입장, 일상, 혼자",음식이 맛있어요,545,1
1751348952,Mintcho,굿,방문일,1번째 방문,저녁에 방문,음식이 맛있어요,454,1
37792177,도토리끼리,원하는 사람은 고수 추가할 수 있어서 좋아요🌿,방문일,2번째 방문,"점심에 방문, 예약 없이 이용, 대기 시간 10분 이내, 일상, 친구",음식이 맛있어요,516,2
37792177,appleofyoureyeee,언제 먹어도 따끈하고 마쉿는 까이식당 ..🤤,방문일,2번째 방문,"점심에 방문, 예약 없이 이용, 대기 시간 바로 입장, 데이트, 연인・배우자",음식이 맛있어요,654,2
37792177,dly****,이대 오면 항상 방문하는 맛집입니다.촉촉한 닭가슴살에 소스가 아주 맛있습니다.,방문일,1번째 방문,"저녁에 방문, 예약 없이 이용, 대기 시간 바로 입장, 일상, 혼자",음식이 맛있어요,47,1
37792177,joa****,너무 맛있고 친절하고 따수운 곳사람들이 많은 이유가 있네요사장님 점원분 모두 너무 좋으세요,방문일,1번째 방문,"점심에 방문, 예약 없이 이용, 대기 시간 바로 입장",음식이 맛있어요,235,1
37792177,gos****,완전 친절하시고 맛있어요..! 순살 백숙&삼계탕 같은 느낌..? 생강소스 뿌려먹으니 자극적인 거 좋아하는 입맛에도 딱입니다! 공간은 협소해도 양도 많고 만족만족,방문일,1번째 방문,"점심에 방문, 예약 없이 이용, 대기 시간 30분 이내, 친목, 지인・동료",음식이 맛있어요,440,1
37792177,2769594,하 진짜 너무 맛있는데 집 앞에 없다는 게 유일한 단점...... 🥹 오전에 이대 근처 갈 일 있어서 점심으로 먹었는데 넘넘 맛있어요 ❣️❣️,방문일,1번째 방문,점심에 방문,음식이 맛있어요,42,1
37792177,Win38,최고의 치킨라이스,방문일,5번째 방문,"점심에 방문, 포장·배달 이용, 대기 시간 바로 입장, 일상, 혼자",음식이 맛있어요,1172,5
37792177,Win38,사랑해요까이식당,방문일,4번째 방문,"저녁에 방문, 포장·배달 이용, 대기 시간 10분 이내, 일상, 혼자",음식이 맛있어요,1172,4
37792177,Good Luck37,"싱가포르 현지 치킨 라이스 맛을 재현한 명소치킨라이스(특) ₩14,000",방문일,2번째 방문,"저녁에 방문, 예약 없이 이용, 대기 시간 바로 입장",음식이 맛있어요,2132,2
37792177,도윤남,,방문일,1번째 방문,"점심에 방문, 예약 없이 이용, 대기 시간 바로 입장, 일상, 혼자",음식이 맛있어요,151,1
37792177,거기어떤데,아는맛이고 별거 없어보이지만살코기는 엄청 부드럽고 묘하게 중독성,방문일,1번째 방문,점심에 방문,혼밥하기 좋아요,1199,1
37792177,IMURUK,무난합니다.,방문일,1번째 방문,점심에 방문,건강한 맛이에요,3138,1
37792177,뮤루룽둥이,"5시 조금 전에 갔더니 사람이 없었는데, 5시 땡하고 나니 여러 분이 오시더라구요! 밥맛도 좋고 치킨도 맛있어서 순삭했습니당 ㅠㅠ 상큼한 양배추와 뜨끈한 국물까지 완벽해요 🥲",방문일,1번째 방문,"점심에 방문, 예약 없이 이용, 대기 시간 바로 입장",혼밥하기 좋아요,82,1
37792177,응5237,식사시간에 방문하면 매번 웨이팅이 한가득한 이대 앞 찐 맛집 까이식당! 자극적이지 않으면서 중독성 있는 맛으로 한번씩 찾게 되는 곳이에요. 보들보들한 닭고기를 소스에 딱 찍어서 고소한 밥이랑 함께 먹으면 그대로 까이식당과 사랑에 빠지게 됩니다🥰 맵고 짠 자극적인 음식들과 다르게 부드러움만으로도 너무 맛있어요!소스가 짭조름하니 중독성 있는데 대체 뭐로 만들었을까 너무 궁금하더라구요🤔 어디서도 까이 식당과 비슷한 맛을 내는 식당은 못찾을 것 같아요. 오늘도 너무 알찬 식사였습니다,방문일,1번째 방문,"점심에 방문, 예약 없이 이용, 대기 시간 바로 입장, 일상, 혼자",음식이 맛있어요,16,1
37792177,자유의자,언제 먹어도 질리지 않는 치킨라이스입니다 가게가 작지만 회전률이 좋아서 오래 기다리지 않아서 되어도 좋아요,방문일,2번째 방문,"저녁에 방문, 예약 없이 이용, 대기 시간 10분 이내, 혼자",혼밥하기 좋아요,98,2
37792177,솜2591,5년째매번 똑같은게 너무 좋아요,방문일,1번째 방문,"점심에 방문, 예약 없이 이용, 대기 시간 바로 입장",음식이 맛있어요,90,1
37792177,Dre21,또 생각나는 맛자꾸 자꾸 생각나는 맛매일 먹고 싶어요,방문일,1번째 방문,"점심에 방문, 예약 없이 이용, 대기 시간 바로 입장, 여행, 일상, 연인・배우자",음식이 맛있어요,346,1
37792177,비비디바비디부7658,학생들 개강하기전에 알았더라면 자주왔을법한..재료는 그더 닭고기와 마늘볶음밥인데.. 맛있다,방문일,1번째 방문,"점심에 방문, 예약 없이 이용, 대기 시간 10분 이내, 일상, 혼자",음식이 맛있어요,657,1
37792177,mrj****,속이 편하고 맛있어요,방문일,1번째 방문,점심에 방문,음식이 맛있어요,753,1
37792177,XIII84,,방문일,1번째 방문,점심에 방문,음식이 맛있어요,1335,1
37792177,뭉코도리,작은 매장에 항상 대기가 있어 찜해놓았던 곳인데대기없이 입장가능했어요. 럭키!!워낙에 냄새에 민감한 1인이라입장시 닭냄새에 멈칫했는데오마이갓~~~!!태어나서 먹어본 닭고기중에 최고로 부드러웠어요.마늘밥은 고슬고슬 간도 딱이고맑은 국물은 첨가물이나 기교없는 깔끔한 맛이에요무심하게 썰은 양배추샐러드까지어느하나 부족함없는 정성스런 식사를 대접받는 느낌이어서기분좋고 맛있게 잘 먹었습니다.,방문일,1번째 방문,"저녁에 방문, 예약 없이 이용, 대기 시간 바로 입장",음식이 맛있어요,692,1
37792177,사율0305,"근처에 볼일이 있어서 혼밥할 곳을 찾다가 아늑해보여서 방문하게 되었어요! 메뉴가 이색적이고 담백하니 자극적이지 않아 좋았네용 싹싹 비우긴 했지만, 평소에 짜게 드시는 분들은 입맛에 안 맞을 거 같긴 해요.",방문일,1번째 방문,"저녁에 방문, 예약 없이 이용, 대기 시간 바로 입장, 비즈니스, 혼자",재료가 신선해요,84,1
37792177,des****,나오면서 뒤돌아봤네요 맛있습니다...👍,방문일,1번째 방문,"저녁에 방문, 예약 없이 이용, 대기 시간 바로 입장, 혼자",음식이 맛있어요,36,1
37792177,란화,종종 생각나는 맛! 금액이 점점 올라서 슬프지만 계속 생각나서 방문하게 돼욯ㅎㅎ,방문일,1번째 방문,"점심에 방문, 예약 없이 이용, 대기 시간 바로 입장, 혼자",음식이 맛있어요,156,1
37792177,meca033,굿,방문일,1번째 방문,"점심에 방문, 예약 없이 이용, 대기 시간 바로 입장, 일상, 지인・동료",현지 맛에 가까워요,854,1
37792177,내일은41,한입 먹고 깜짝 놀랐어요 뭐야 여기 미친거같아😱😱😱진짜 대존맛입니다😍😍😍,방문일,1번째 방문,"저녁에 방문, 예약 없이 이용, 대기 시간 바로 입장",음식이 맛있어요,229,1
37792177,단비담비,가끔 건강한 거 먹고 싶을 때 방문하는 집이에요! 알바분이 친절하십니다! 음식도 괜찮아요!,방문일,1번째 방문,"점심에 방문, 예약 없이 이용, 대기 시간 10분 이내, 친목, 친구",음식이 맛있어요,242,1
37792177,달무리37,"색다른, 이국적인, 신선한 맛!",방문일,1번째 방문,"점심에 방문, 예약 없이 이용, 대기 시간 바로 입장, 나들이, 연인・배우자",음식이 맛있어요,99,1
37792177,skk****,매장이 작은거 말고는 음식도 맛있었고 혼밥하기도 좋았습니다 ㅎㅎ,방문일,1번째 방문,"점심에 방문, 예약 없이 이용, 대기 시간 바로 입장, 일상, 혼자",음식이 맛있어요,305,1
37792177,블루24478,맛있어요!!! 슴슴하고 감칠맛 나는 치킨 라이스!!소식좌 기준 배고플 때 먹었는데 다 못 먹을 정도로 양 많았슴니다 저는 보통 먹었어요!!,방문일,1번째 방문,"점심에 방문, 예약 없이 이용, 대기 시간 바로 입장, 혼자",음식이 맛있어요,28,1
37792177,헬리오트로프,,방문일,1번째 방문,"점심에 방문, 예약 없이 이용, 대기 시간 바로 입장, 일상, 친척・형제",음식이 맛있어요,348,1
37792177,얍얍염,양이 많이 줄었네요..,방문일,1번째 방문,"저녁에 방문, 예약 없이 이용, 대기 시간 바로 입장",음식이 맛있어요,20,1
37792177,영도 ytcusnu,먹고 또 먹고 싶은 이대 맛집부드러운 닭고기와 고소한 닭국물이 아주 맛있습니다.토종 현지 음식보다 더 맛있는 것 같습니다. ^^,방문일,3번째 방문,"점심에 방문, 예약 없이 이용, 대기 시간 바로 입장, 일상, 혼자",음식이 맛있어요,424,3
37792177,Good Luck37,"치킨라이스(특) ₩14,000",방문일,1번째 방문,"저녁에 방문, 예약 없이 이용, 대기 시간 바로 입장",음식이 맛있어요,2132,1
37792177,맛없는건못참아,단일 메뉴인데 인기 엄청 많아요 코로나 전에 왔을 때랑 맛도 달라지지 않았고 삼계밥느낌?.? 밥도촉촉하니 잘 들어가네용 국물도 삼계탕 느낌에 외국 음식인데 무언가 토종스러운 것이 신기허다 신기해…^^ 소화안되거나 전 날 자극적인 것을 먹었다면 담 날 추천,방문일,1번째 방문,"점심에 방문, 예약 후 이용, 대기 시간 10분 이내, 일상, 지인・동료",음식이 맛있어요,1048,1
37792177,Jiwiii,,방문일,2번째 방문,"점심에 방문, 대기 시간 바로 입장",음식이 맛있어요,321,2
37792177,ou i,"★5* 치킨라이스 10,000원싱가포르에서 현지 치킨라이스를 먹어보진 못했으나 이것이 현지 맛이라면 싱가포르에서 살만 하겠다 정도? 이거 왜 안먹어요?임처음에는 이게 왜 맛있지..? 라는 말이 나오는 슴슴한 맛이나 먹을수록 이게 참맛이구나 라고 할 수 있음아삭한 양배추 샐러드와 닭가슴살도 촉촉부드러울 수 있구나를 깨닫게 한 식감, 간간한 밥에 킥이 있는 소스, 따뜻한 국물까지! 진짜 맛있음 하여간 꼭 드셔보세요매장이 많이 협소해서 피크 시간대에 가서 먹으면 웨이팅이 거의 무조건 있음.. 학생들 방학일 때 가거나 웬만하면 포장해서 먹기 포장 빨리 나옴새내기 때 이후로 가서 먹은 적은 없는 듯아무튼 국내 1위 치킨라이스 집이라고 말해본다번창하셔서 확장 이전해주셔요",방문일,1번째 방문,"점심에 방문, 포장·배달 이용, 대기 시간 10분 이내, 일상, 친구",음식이 맛있어요,41,1
37792177,Jiwiii,,방문일,1번째 방문,"점심에 방문, 예약 없이 이용, 대기 시간 바로 입장",음식이 맛있어요,321,1
37792177,신도리 가족,가성비가 좋아 자주 애용하고 있어요,방문일,2번째 방문,"점심에 방문, 예약 없이 이용, 대기 시간 바로 입장, 일상, 혼자",음식이 맛있어요,1296,2
37792177,올레올레올레,학부생일때 많이 먹었었기에 이대쪽 가면 항상 먹는 까이식당 치킨라이스! 담백하고 너무 맛있어요!,방문일,1번째 방문,"점심에 방문, 예약 없이 이용, 대기 시간 바로 입장, 일상, 혼자",음식이 맛있어요,504,1
12047074,SUBaK,채소 한가득 주시고 육수도 둘다 너무 맛있었어요! 매콤한 국물은 처음 먹어보는거였는데 꽤 칼칼하더라구요사진은 못 찍었지만 죽도 꼭 드세요 안먹었으면 아쉬웠을 정도로 죽이 진짜 맛있었어요ㅜㅜ,방문일,2번째 방문,"저녁에 방문, 예약 없이 이용, 대기 시간 10분 이내, 친목, 일상, 친구",음식이 맛있어요,1230,2
12047074,74d****,딸하고 맛있게 잘먹었습니다,방문일,1번째 방문,"점심에 방문, 예약 없이 이용, 대기 시간 10분 이내, 데이트, 아이",음식이 맛있어요,1316,1
12047074,김광용1,샤브샤브가 생각날땐 어바웃샤브로 갈거같아요전반적으로 친절하고 맛있는 집이었습니다가격대도 아주 준수합니다^^,방문일,1번째 방문,"점심에 방문, 예약 없이 이용, 대기 시간 바로 입장, 데이트, 나들이, 연인・배우자",음식이 맛있어요,16,1
12047074,yeen86,레트로한 느낌의 인테리어와 맛있는 샤브.. ♡ 종종 이용할게요 :),방문일,1번째 방문,"저녁에 방문, 예약 없이 이용, 대기 시간 바로 입장, 친목, 친구",음식이 맛있어요,1178,1
12047074,볼빵빵햄수터,"자주 가는 샤브샤브 맛집이에요!! 다른 1인샤브 가게에 비해 양이 많아서 좋아요🤍육수 반반으로도 할 수 있고(가쓰오,해물,매콤) 하나로만 할 수도 있어요ㅎㅎ가쓰오 육수에 소고기 샤브 강추해요 지난번에는 새우도 넣어서 먹었는데 맛났어요😋",방문일,2번째 방문,"저녁에 방문, 예약 없이 이용, 대기 시간 바로 입장, 일상, 친구",음식이 맛있어요,176,2
12047074,헬리오트로프,,방문일,1번째 방문,"저녁에 방문, 예약 없이 이용, 대기 시간 바로 입장, 일상, 친척・형제",친절해요,348,1
12047074,눕치린,가성비 좋아요,방문일,1번째 방문,저녁에 방문,양이 많아요,1181,1
12047074,wsw****,좋아요,방문일,1번째 방문,"저녁에 방문, 예약 없이 이용, 대기 시간 바로 입장, 일상, 연인・배우자",재료가 신선해요,1739,1
12047074,cher1sh,"❥ 소고기 샤브세트 (13,000원 x 3인분)°.✩┈┈∘*┈┈*∘┈┈✩.°❥ 매운걸 못 먹어서 해물육수, 가츠오육수 반반으로 먹었어요! 둘 다 정말 맛있었어요 ~❥ 시설이 많이 낡고 화장실도 공용이고 비누가 없는 점이 불편하긴 하지만, 맛있어서 다시 가게 되네요 ㅎㅎ ❥ 샤브샤브 다 먹고 칼국수 먹고, 마지막으로 죽 1인분 추가해서 먹고 왔습니다 ~!",방문일,1번째 방문,"저녁에 방문, 예약 없이 이용, 대기 시간 바로 입장, 친목, 친구",음식이 맛있어요,42,1
12047074,젬마리75,식재료도 좋았고 맛있어요.알바분들의 공손한 접객도 좋았습니다.에뿔입니다.,방문일,1번째 방문,"저녁에 방문, 예약 없이 이용, 대기 시간 바로 입장, 친목, 친구",음식이 맛있어요,454,1
12047074,이승현10,"이화여대 앞, 제일 자주가는 샤브샤브집입니다! 샤브샤브 고기 양이 진짜 많아서 배부르게 먹을 수 있고 육수도 두 가지 맛을 고를 수 있어서 좋습니다! 매콤한 육수와 보통 육수 반반 해서 먹을 수 있어요~! 볶음밥도 맛이 독특하고 맛있어요!",방문일,1번째 방문,"점심에 방문, 예약 없이 이용, 대기 시간 바로 입장, 일상, 친구",음식이 맛있어요,39,1
12047074,Jiwiii,주중엔 대기가 너무 많아서 먹기가 힘든데 주말엔 사람이 없어서 좋아요 :),방문일,1번째 방문,"저녁에 방문, 예약 없이 이용, 대기 시간 바로 입장",음식이 맛있어요,321,1
12047074,hyun히,점심 시간에도 사람 꽉꽉 차는 곳!!! 친절한 직원분들과 깨끗하고 맛있는 음식 덕분에 기분 좋은 한끼였습니다💓💓,방문일,1번째 방문,"점심에 방문, 예약 없이 이용, 대기 시간 바로 입장, 일상, 친구, 지인・동료",음식이 맛있어요,190,1
12047074,클레시오,굿,방문일,1번째 방문,"점심에 방문, 예약 없이 이용, 대기 시간 바로 입장, 일상, 친구",음식이 맛있어요,741,1
12047074,bluxxrry,맛있어요:),방문일,2번째 방문,"점심에 방문, 예약 없이 이용, 대기 시간 바로 입장, 친목, 친구",음식이 맛있어요,61,2
12047074,우럭이우러럭,,방문일,1번째 방문,"저녁에 방문, 예약 없이 이용, 대기 시간 바로 입장, 친구",음식이 맛있어요,747,1
12047074,Pits,소화가 안되서 배는 안고픈데 친구는 왔길래 생각난게 샤브 ㅎㅎ ㅓㅜㅑ 넘 좋은 선택이었다능,방문일,1번째 방문,"저녁에 방문, 예약 없이 이용, 대기 시간 바로 입장, 일상, 친구",음식이 맛있어요,2884,1
12047074,SUBaK,"궁금해서 가츠오육수, 해물육수 반반으로 먹어봤는데 저어는 좀 막입이라그런가(ㅋㅋㅋ..) 큰 차이는 잘 못 느꼈어요!! 둘다 맛있었다는 뜻입니다 😊😋😋야채랑 고기가 양이 많아서 배불리 잘 먹었어요! 칼국수 면도 너무 맛있어요",방문일,1번째 방문,"저녁에 방문, 예약 없이 이용, 대기 시간 바로 입장, 친목, 친구",음식이 맛있어요,1230,1
12047074,bluey1,.,방문일,1번째 방문,"저녁에 방문, 예약 없이 이용, 대기 시간 바로 입장",음식이 맛있어요,228,1
12047074,쿭크닳스,굳,방문일,1번째 방문,"저녁에 방문, 예약 없이 이용, 대기 시간 바로 입장, 친목, 친구",음식이 맛있어요,955,1
12047074,cbg****,오랜만에 샤브샤브 맛있게 잘 먹었어요.양도 많고 맛도 굿!,방문일,1번째 방문,"저녁에 방문, 예약 없이 이용, 대기 시간 바로 입장, 일상, 친구",음식이 맛있어요,88,1
12047074,Z만두,10년 넘게 자리를 지켜온 이대점. 사람도 항상 많아요. 운 좋으면 주차도 가능.(3대 까지 가능),방문일,2번째 방문,"저녁에 방문, 예약 없이 이용, 대기 시간 바로 입장, 일상, 연인・배우자, 아이",음식이 맛있어요,330,2
12047074,조이맘10,인테리어가 90년댜 스타일이에요 양은 마니 줘요맛은 평범해요,방문일,1번째 방문,"점심에 방문, 예약 후 이용, 대기 시간 바로 입장, 일상, 지인・동료",음식이 맛있어요,160,1
12047074,Tacoloco,요즘같이 추운 날 따뜻한 샤브샤브 먹기 좋은곳이에요.육수를 두개 놓고 먹을수있어서 좋고 매운 육수는 생각보단 매웠는데 얼큰한정도라 딱 좋았어요.고기랑 야채 다 먹고 칼국수면까지 잘 먹었네요.,방문일,1번째 방문,"점심에 방문, 예약 없이 이용, 대기 시간 바로 입장, 데이트, 친목, 일상, 연인・배우자, 친구, 지인・동료",음식이 맛있어요,114,1
12047074,Z만두,사람도 많고 맛있어요.,방문일,1번째 방문,"저녁에 방문, 예약 없이 이용, 대기 시간 바로 입장, 일상, 아이",음식이 맛있어요,330,1
12047074,eun****,"이대 갔다가 저녁식사 하러 방문했습니다. 저희는 바로 입장했는데 곧 매장이 가득 차서 웨이팅 조금씩 있는 것 같았어요. 매운육수, 해물육수 주문해서 먹었는데 채소가 신선했고, 칼국수까지 끓여먹으니 배가 아주 불렀답니다.",방문일,1번째 방문,"저녁에 방문, 예약 없이 이용, 대기 시간 바로 입장, 일상",음식이 맛있어요,381,1
12047074,뚱이맘65,샤브샤브 맛있어요,방문일,5번째 방문,"저녁에 방문, 예약 없이 이용, 대기 시간 바로 입장, 가족모임, 아이",음식이 맛있어요,2100,5
12047074,se eun52,,방문일,1번째 방문,"저녁에 방문, 예약 없이 이용, 대기 시간 바로 입장, 친목, 지인・동료",음식이 맛있어요,438,1
12047074,ong490,양많고 맛나요,방문일,1번째 방문,"점심에 방문, 예약 없이 이용, 대기 시간 바로 입장, 일상, 친구",음식이 맛있어요,899,1
12047074,대학원생의 솔직한 리뷰,양많고 맛있어요! 추천,방문일,1번째 방문,"저녁에 방문, 예약 없이 이용, 대기 시간 바로 입장, 데이트, 연인・배우자",음식이 맛있어요,305,1
12047074,포포웅니,요즘같은 날씨에 딱~jmt,방문일,1번째 방문,점심에 방문,음식이 맛있어요,235,1
12047074,soriyam,양많아욤,방문일,1번째 방문,밤에 방문,음식이 맛있어요,92,1
12047074,bingle98,죽까지 먹었는데 너무 맛있었어요!!,방문일,1번째 방문,저녁에 방문,음식이 맛있어요,145,1
12047074,히릿4,오랜만에갔는데 여전히맛있네요,방문일,3번째 방문,점심에 방문,음식이 맛있어요,460,3
12047074,백혈현누,좋아요,방문일,1번째 방문,저녁에 방문,양이 많아요,3093,1
12047074,여유와자유,이대의 오래된 샤브샤브집이에요양 많고 맛있어서 사람들 많아요 만족합니다,방문일,1번째 방문,점심에 방문,음식이 맛있어요,132,1
12047074,토마토9295,굿,방문일,2번째 방문,점심에 방문,음식이 맛있어요,2892,2
12047074,샴비,맛있어욥,방문일,1번째 방문,점심에 방문,음식이 맛있어요,1860,1
12047074,dls2725,맛있어요,방문일,2번째 방문,저녁에 방문,재료가 신선해요,428,2
12047074,이민서7991,,방문일,1번째 방문,점심에 방문,가성비가 좋아요,228,1
1385509809,kan****,일식이 너무 먹고 싶어서 검색하다가 찾아온 다이코쿠야 ✨✨ 이대 맛집이라는 소문 듣고 찾아왔어요 들어왔더니 넘나 많은 메뉴에 허걱 근데 맛은 또 기가 막혀요 스테이크동은 부드럽고 육질이 너무 좋더라고요 그리고 매콤크림우동나베는 살짝 매콤한 느낌에 크림과 명란 조합이라 굿굿 다들 다이코쿠야 한번 방문해보세용 ~~,방문일,1번째 방문,"저녁에 방문, 예약 없이 이용, 대기 시간 바로 입장, 데이트, 친구",친절해요,21,1
1385509809,006289,맛있어요친절해요,방문일,1번째 방문,"점심에 방문, 예약 없이 이용, 대기 시간 바로 입장, 친목, 친구",음식이 맛있어요,16,1
1385509809,BbangSoon,맛있고 가격도 합리적이에요~,방문일,1번째 방문,"저녁에 방문, 예약 없이 이용, 대기 시간 바로 입장, 친목, 친구",음식이 맛있어요,11,1
1385509809,조은2062,저번에 먹었던 맛이 그리워서 오랜만에 방문했습니다점심 피크타임에 가 사람이 많았지만 직원분들 모두 친절하세요 감사합니다!,방문일,1번째 방문,"점심에 방문, 예약 없이 이용, 대기 시간 바로 입장, 일상, 혼자",음식이 맛있어요,19,1
1385509809,조죠디,이대 근처에 규카츠집 없었는데 생겨서 좋아용,방문일,2번째 방문,"저녁에 방문, 예약 없이 이용, 대기 시간 바로 입장",양이 많아요,56,2
1385509809,류은서6,"매장도 넓고 깨끗하고, 음식도 깔끔하게 잘 나와서 좋아요!",방문일,1번째 방문,"저녁에 방문, 예약 없이 이용, 대기 시간 바로 입장, 친목, 친척・형제",인테리어가 멋져요,11,1
1385509809,Saikowolfpack75,음식이 맜있습니다!,방문일,1번째 방문,"점심에 방문, 예약 없이 이용, 대기 시간 바로 입장, 일상, 혼자",음식이 맛있어요,37,1
1385509809,suk****,처음 와봤는데 분위기도 좋고 맛도 좋아요.,방문일,1번째 방문,"점심에 방문, 예약 없이 이용, 대기 시간 바로 입장, 데이트, 연인・배우자",음식이 맛있어요,27,1
1385509809,dea****,맛있고직원들 친절해요~,방문일,1번째 방문,점심에 방문,음식이 맛있어요,13,1
1385509809,ㅡ37,맛있게 잘 먹었어요~ 인테리어도 예뻐요^^,방문일,1번째 방문,"점심에 방문, 예약 없이 이용, 대기 시간 바로 입장, 데이트, 연인・배우자",음식이 맛있어요,24,1
1385509809,truccess2021,고기도 맛있고 깔끔해용,방문일,1번째 방문,"점심에 방문, 예약 없이 이용, 대기 시간 바로 입장, 데이트, 연인・배우자",차분한 분위기에요,17,1
1385509809,kim****,음식이 너무 맛있어요 ㅎㅎ가격대 좀 있고 식당 깨끗해서 데이트나 밥약 하기 좋을 것 같아요☺️두번째 방문인데 이대 캠투 온 친구 소개시켜줄 맛집으로 데려왔습니다!,방문일,1번째 방문,"저녁에 방문, 예약 없이 이용, 대기 시간 바로 입장, 데이트, 친목, 친구",음식이 맛있어요,7,1
1385509809,회원,따뜻하고 맛있어요 !감사히 잘 먹었습니다.,방문일,1번째 방문,"저녁에 방문, 예약 없이 이용, 대기 시간 바로 입장, 비즈니스, 지인・동료",음식이 맛있어요,1,1
1385509809,9se****,매장 분위기도 좋고 혼밥하기도 좋네요!자주 올 것 같아요,방문일,1번째 방문,"점심에 방문, 예약 없이 이용, 대기 시간 바로 입장, 일상, 혼자",혼밥하기 좋아요,15,1
1385509809,유7141,규카츠 먹기 좋은 집입니다!,방문일,1번째 방문,"점심에 방문, 예약 없이 이용, 대기 시간 바로 입장, 일상, 혼자",음식이 맛있어요,3,1
1385509809,은3924,매장도 깨끗하고 너무 맛있어요! 김치나베맛집을찾앗어요!,방문일,1번째 방문,"저녁에 방문, 예약 없이 이용, 대기 시간 바로 입장, 데이트, 연인・배우자",매장이 청결해요,20,1
1385509809,무덕뮤무,,방문일,1번째 방문,"저녁에 방문, 예약 없이 이용, 대기 시간 10분 이내, 친목, 친구",음식이 맛있어요,3,1
1385509809,박지원2386,너무 맛있어요 최고,방문일,1번째 방문,"점심에 방문, 예약 없이 이용, 대기 시간 바로 입장, 친목, 친구",인테리어가 멋져요,21,1
1385509809,화양,신호등크림나베가 유명하다구 하는데 맛있어보여욤,방문일,1번째 방문,"점심에 방문, 예약 없이 이용, 대기 시간 바로 입장, 친목, 친구",메뉴 구성이 알차요,26,1
1385509809,an9****,너무 맛있어요.. 평일에 방문했더니 웨이팅없이 입장했어요!!! 식전주? 주시는데 너무 달달하니 딱 입맛 돋꿔주더라구용 분위기도 너무 좋고.. 추천합니당,방문일,1번째 방문,"점심에 방문, 예약 없이 이용, 대기 시간 바로 입장, 친목, 친구",음식이 맛있어요,3,1
1385509809,용가리6728,분위기가 좋고 맛있어요~,방문일,1번째 방문,"점심에 방문, 예약 없이 이용, 대기 시간 바로 입장, 친목, 친구",음식이 맛있어요,16,1
1385509809,깅고응,분위기도 너무좋고 맛있는 메뉴가 많아요!,방문일,1번째 방문,"저녁에 방문, 예약 없이 이용, 대기 시간 바로 입장, 친목, 친구",음식이 맛있어요,35,1
1385509809,rlqls,너무 맛있게 잘 먹고 갑니다~ 또 올게요!!,방문일,1번째 방문,"저녁에 방문, 예약 없이 이용, 대기 시간 바로 입장, 데이트, 연인・배우자",음식이 맛있어요,128,1
1385509809,룰루랄라577,회사 점심으로 오는데 맛있어요,방문일,1번째 방문,"점심에 방문, 예약 없이 이용, 대기 시간 바로 입장, 친목, 지인・동료",음식이 맛있어요,85,1
1385509809,지현6244,,방문일,2번째 방문,"저녁에 방문, 예약 없이 이용, 대기 시간 바로 입장, 혼자",혼밥하기 좋아요,15,2
1385509809,얀49,맛있어요~! 이대랑 가까워서 밥 먹기 좋아요~!,방문일,1번째 방문,"점심에 방문, 예약 없이 이용, 대기 시간 바로 입장, 친목, 친구",매장이 청결해요,4,1
1385509809,야미하게,맛있고 분위기 좋고 친절해요!! 이대맛집!,방문일,1번째 방문,"점심에 방문, 예약 없이 이용, 대기 시간 바로 입장, 친목, 친구",음식이 맛있어요,26,1
1385509809,eumyejin200081,이대 앞 특별한 메뉴가 있는 일식집이에요! 따끈하고 맛있는 일식 먹고싶을 때 꼭 오세용!!,방문일,1번째 방문,"점심에 방문, 예약 없이 이용, 대기 시간 바로 입장, 친목, 친구",음식이 맛있어요,35,1
1385509809,arionrufe,규카츠 먹으러 찾아왔어요~~ 처음 방문했는데 너무 맛있네요 다음 번에 이대쪽 오면 또 올 것 같아요 잘 먹고 갑니다.,방문일,1번째 방문,"저녁에 방문, 예약 없이 이용, 대기 시간 바로 입장, 데이트, 연인・배우자",음식이 맛있어요,17,1
1385509809,zkrjd666,마제소바랑 돈까스 메뉴 먹었는데 돈까스가 진짜 맛있어요 !!! 식전에 주는 복분자오미자 주스도 너무 맛있구 다음에 기회가 된다면 또 오고 싶어용,방문일,1번째 방문,"점심에 방문, 예약 없이 이용, 대기 시간 바로 입장, 친목, 친구",음식이 맛있어요,18,1
1385509809,이수연728,너무맛있어요 회도 맛나고 고기도 맛나요!!!,방문일,1번째 방문,"점심에 방문, 예약 없이 이용, 대기 시간 바로 입장, 일상, 친구",음식이 맛있어요,33,1
1385509809,dan****,추천 메뉴 선택해서 먹었는데 구성이 알차고 맛있어요! 직원분들도 친절하고 혼밥하기 좋은곳인것 같아요.,방문일,1번째 방문,"점심에 방문, 예약 없이 이용, 대기 시간 바로 입장, 일상, 혼자",음식이 맛있어요,13,1
1385509809,Gony0803,맛있어요,방문일,1번째 방문,"저녁에 방문, 예약 없이 이용, 대기 시간 바로 입장, 데이트, 연인・배우자",음식이 맛있어요,17,1
1385509809,힛29,규카츠 잘 먹겠습니다 분위기가 좋아요,방문일,1번째 방문,"저녁에 방문, 예약 없이 이용, 대기 시간 바로 입장, 친목, 친구",인테리어가 멋져요,518,1
1385509809,김은성10,완전 맛있어요. 두번째 오는데 여전히 맛있네용,방문일,1번째 방문,"저녁에 방문, 예약 없이 이용, 대기 시간 바로 입장, 친목, 친구",음식이 맛있어요,5,1
1385509809,무우우우민,맛있어요~~ 양도 많고 다음에 또 올게요!!,방문일,1번째 방문,"저녁에 방문, 예약 없이 이용, 대기 시간 바로 입장, 데이트, 친구",음식이 맛있어요,11,1
1385509809,HeROine,크림우동나베 맛있어보여서 방문했는데 인테리어도 귀엽고 맛있습니자!!!,방문일,1번째 방문,"점심에 방문, 예약 없이 이용, 대기 시간 바로 입장, 일상, 혼자",음식이 맛있어요,6,1
1385509809,rai****,너무너무 맛있고 다시 오고싶어요 !! 🩷🩷,방문일,1번째 방문,점심에 방문,음식이 맛있어요,2,1
1385509809,데굴데굴굴러가는쨩돌,이대 근처에 이런 일식집 생겨서 너무 좋아요!! 규카츠랑 스테이크 중에 고민하다가 스테이크 시켰는데 너무 맛있네요...🩷 계란말이도 너무 맛있어요!!,방문일,1번째 방문,"저녁에 방문, 예약 없이 이용, 대기 시간 바로 입장, 데이트, 연인・배우자",음식이 맛있어요,58,1
1385509809,공서현419,학교 근처에 생겨서 너무 와보고 싶었는데 맛있네요😼 낙엽스테키동도 맛있다고 합니다~,방문일,1번째 방문,"저녁에 방문, 예약 없이 이용, 대기 시간 바로 입장, 데이트, 연인・배우자",인테리어가 멋져요,3,1
38232807,아어빙그렛,맛있어요!,방문일,1번째 방문,"저녁에 방문, 예약 없이 이용, 대기 시간 바로 입장, 친목, 친구",음식이 맛있어요,79,1
38232807,신도리 가족,맛있어 자주 찾는 곳이에요,방문일,3번째 방문,"점심에 방문, 예약 없이 이용, 대기 시간 바로 입장, 일상, 혼자",음식이 맛있어요,1296,3
38232807,xx****,생각하고 기대했던 맛 그대로예요 맛있는 집밥 오래해주세용,방문일,1번째 방문,"저녁에 방문, 예약 없이 이용, 대기 시간 바로 입장, 일상, 혼자",음식이 맛있어요,79,1
38232807,나94575,,방문일,1번째 방문,"점심에 방문, 예약 없이 이용, 대기 시간 바로 입장, 일상, 친구",음식이 맛있어요,706,1
38232807,신도리 가족,너무 맛있어요,방문일,2번째 방문,"점심에 방문, 예약 없이 이용, 대기 시간 바로 입장, 일상, 혼자",음식이 맛있어요,1296,2
38232807,고구마와 감자,완전 맛있어요 재방문 의사 많음! 김부각에 있는 소스? 유자소스? 도 맛있어용,방문일,1번째 방문,"아침에 방문, 예약 없이 이용, 대기 시간 바로 입장, 친목, 친구",아늑해요,18,1
38232807,왈랍,"산나물밥 먹었습니다. 제가 많이 슴슴하게 먹는 건지 같이 나오는 간장양념없이도 간간하게 간이 맞더라고요. 밥도 반찬들도 다 맛있었습니다. 그런데 밥 양이 너무 적어요.. 큰 그릇에 넓게 펼쳐나오는데 실제로 모아보니 일반 식당 밥공기에 널널하게 퍼담은 정도의 양밖에 안됐습니다. 마름~정상체중 여자인데도 다 먹고나서 배가 찬다는 느낌이 아니라 딱 허기가 가시는 정도밖에 안돼서 아침식사로는 몰라도 점심, 저녁식사로는 많이 부족한 양이 아닌가합니다. 다른 메뉴와 달리 단백질이 부족한 구성에 메인반찬 없이 산나물밥 자체가 메인인 이상 한끼식사로 적당하려면 밥 양이 좀 더 많아야하지 않나싶습니다.",방문일,1번째 방문,"점심에 방문, 예약 없이 이용, 대기 시간 바로 입장, 일상, 혼자",음식이 맛있어요,46,1
38232807,신도리 가족,음식이 맛있어요,방문일,1번째 방문,"점심에 방문, 예약 없이 이용, 대기 시간 바로 입장, 일상, 친구",음식이 맛있어요,1296,1
38232807,형아3254,음식이 너무 깔끔하고 정갈해서 먹는데 기분이 좋았어요:),방문일,1번째 방문,"점심에 방문, 예약 없이 이용, 대기 시간 바로 입장, 나들이, 친구",음식이 맛있어요,94,1
38232807,천둥7225,매장이 깔끔하고 음식도 맛있었어요,방문일,1번째 방문,"점심에 방문, 예약 없이 이용, 대기 시간 바로 입장, 일상, 지인・동료",음식이 맛있어요,192,1
38232807,서연할매,조,방문일,1번째 방문,"점심에 방문, 예약 없이 이용, 대기 시간 바로 입장, 일상, 지인・동료",혼밥하기 좋아요,2647,1
38232807,쟈몽80,건강한 저염식으로 즐길수 있는 한끼예요,방문일,1번째 방문,"점심에 방문, 예약 없이 이용, 대기 시간 바로 입장, 일상, 부모님",재료가 신선해요,3193,1
38232807,ehg****,명란비빔밥 조금 짜요. 밥양을 늘여야할듯,방문일,1번째 방문,점심에 방문,재료가 신선해요,647,1
38232807,투인맘24,굿,방문일,2번째 방문,점심에 방문,음식이 맛있어요,1199,2
38232807,감자7033,양이 많음,방문일,2번째 방문,"점심에 방문, 예약 없이 이용, 대기 시간 바로 입장, 친목, 친구",음식이 맛있어요,150,2
38232807,투인맘24,굿,방문일,1번째 방문,저녁에 방문,혼밥하기 좋아요,1199,1
38232807,IRENE43,건강한 음식 생각날때 항상 오는 곳이에요! 정성 담긴 음식 먹으면서 항상 마음도 차분해지더라구요 오래오래 영업해주시면 좋겠어요 :),방문일,1번째 방문,저녁에 방문,혼밥하기 좋아요,9,1
38232807,연736,맛있어요,방문일,1번째 방문,저녁에 방문,음식이 맛있어요,963,1
38232807,딩가딩가69,,방문일,1번째 방문,밤에 방문,음식이 맛있어요,1524,1
38232807,김케일284,,방문일,1번째 방문,"저녁에 방문, 예약 없이 이용, 대기 시간 바로 입장, 일상, 혼자",음식이 맛있어요,195,1
38232807,2raemie,건강하고 맛있어요~,방문일,1번째 방문,밤에 방문,음식이 맛있어요,1061,1
38232807,푸른 하늘이 좋아,산나물밥이 고소하고 반찬들도 맛있습니다.저염식이라고 적혀있긴하나 싱겁지않고 적당합니다.,방문일,1번째 방문,점심에 방문,음식이 맛있어요,1928,1
38232807,heej05,항상 명란비빔밥 먹으러 오는데 정갈하고 다양한 나물 위주의 반찬이 있어서 건강해지는 느낌을 받아요:),방문일,3번째 방문,저녁에 방문,음식이 맛있어요,190,3
38232807,gol****,맛있어요,방문일,4번째 방문,점심에 방문,음식이 맛있어요,381,4
38232807,kdgry,"저염식으로 유명하다길래 와봤는데 일반식 이상으로 짜서 당황했어요... 짠 거 잘 못 드시는 분들은 명란 덜어서 드셔보세요 🥹 반찬 구성이 알차고, 가게 깨끗하고 식기까지 정갈하게 나오는 건 좋아요",방문일,1번째 방문,점심에 방문,가성비가 좋아요,159,1
38232807,Llllaaallll,먹을 때마다 맛있는 곳 ❤️,방문일,1번째 방문,점심에 방문,혼밥하기 좋아요,283,1
38232807,cha****,사장님 친절하세요 밥은 저염인데 반찬이랑 먹으면 괜찮습니다 요즘 밖에서 건강한 밥 먹기 어려운데 오랜만에 맛있게 먹을 수 있어서 좋았습니다!,방문일,1번째 방문,저녁에 방문,친절해요,17,1
38232807,붉은 노을66,맛있는 정갈한 한식 밥상ㅎㅎ,방문일,1번째 방문,아침에 방문,음식이 맛있어요,129,1
38232807,람보르기니페라리,Good,방문일,2번째 방문,저녁에 방문,음식이 맛있어요,1128,2
38232807,dkrpgmv,굿,방문일,1번째 방문,저녁에 방문,음식이 맛있어요,2080,1
38232807,heej05,"몸과 마음이 건강해지고 싶은 날 방문하게 되는 곳이예요:) 항상 친절하신 사장님, 맛있는 밥이 준비되어있어요~!",방문일,2번째 방문,저녁에 방문,혼밥하기 좋아요,190,2
38232807,Queen쌤,깔끔하게 맛있는 집입니다~^^*~간만에 왔어요~,방문일,1번째 방문,점심에 방문,재료가 신선해요,76,1
38232807,zzanggrang,,방문일,1번째 방문,저녁에 방문,음식이 맛있어요,290,1
38232807,닉넴므,정갈한 저염식이라 좋아요.,방문일,1번째 방문,밤에 방문,매장이 청결해요,1427,1
38232807,트위리네,굿,방문일,1번째 방문,저녁에 방문,친절해요,933,1
38232807,gol****,맛있어요,방문일,3번째 방문,점심에 방문,음식이 맛있어요,381,3
38232807,apr****,좋아요,방문일,3번째 방문,점심에 방문,혼밥하기 좋아요,1321,3
38232807,눈꽃79,학교 근처라 가까워서 좋아용 오늘 처음 와봤는데 너무 맛있어요! 요즘 간이 센 음식만 먹다보니 요런 음식이 먹고 싶었어요 양도 많고! 반찰 리필도 해주셨어요 너무 친절한 직원분♥ 다음에 또 올게요☆  장아찌불고기 적극 추천합니다 ☆,방문일,2번째 방문,점심에 방문,혼밥하기 좋아요,254,2
38232807,잘먹잘놀잘살,👍👍👍👍,방문일,1번째 방문,점심에 방문,재료가 신선해요,253,1
38232807,Dandelion1215,깔끔한 한끼로 맛있게 먹었어요,방문일,1번째 방문,밤에 방문,혼밥하기 좋아요,353,1
38232807,qwert726,난 소녀방앗간 너무 좋음,방문일,5번째 방문,점심에 방문,매장이 청결해요,301,5
38232807,티타늄디옥사이드,비싼데 비싼 값을 하는 거 같아요. 진짜 맛있어요. 명란도 반찬도 삼삼한 음식 좋아하는 제겐 간이 딱 맞아요. 재방문의사 100프로입니다. 그리고 여기 보리차 맛집입니다.,방문일,1번째 방문,점심에 방문,혼밥하기 좋아요,207,1
38232807,감자7033,자극적인 맛이 아니라서 너무 좋아요… 자리가 많이 없어서 시간 잘 맞춰서 가야할것같아요,방문일,1번째 방문,점심에 방문,혼밥하기 좋아요,150,1
38232807,Win38,"혼밥하기도, 밥약하기도 좋은 곳!맛있게 잘 먹었습니다🙂☺️",방문일,1번째 방문,저녁에 방문,건강한 맛이에요,1172,1
38232807,heej05,정말 너무 정갈하고 맛있어요:),방문일,1번째 방문,저녁에 방문,매장이 청결해요,190,1
38232807,Fgh,맛있어요,방문일,1번째 방문,점심에 방문,뷰가 좋아요,638,1
38232807,B8983,잘 먹었어요!!,방문일,1번째 방문,저녁에 방문,음식이 맛있어요,261,1
38232807,lena467,,방문일,1번째 방문,저녁에 방문,음식이 맛있어요,487,1
38232807,겨울을지나서,우선 가게에 처음 들어갔을 때 캔들향이 좋았어요:) 향만큼 가게도 청결하구요식사는 담백하지만 양이 아쉬워요,방문일,1번째 방문,저녁에 방문,혼밥하기 좋아요,1311,1
38232807,you****,굿,방문일,1번째 방문,저녁에 방문,가성비가 좋아요,2056,1
38232807,ArtShin,"산나물밥, 반찬 모두 정갈하고간이 적당하고 조미료 맛 안나고 아주 맛있었습니다.오랜만에 건강식을 먹게 되서 기쁩니다.재방문하겠습니다. 대박나세요.",방문일,1번째 방문,점심에 방문,혼밥하기 좋아요,97,1
38232807,자고64,냠냠쩝쩝 맛좋은 하루,방문일,1번째 방문,저녁에 방문,매장이 청결해요,32,1
38232807,미스새우,정갈하고 깔끔한 맛 다만 가끔 담배냄새가 들어와요ㅠㅠ,방문일,1번째 방문,저녁에 방문,음식이 맛있어요,1445,1
38232807,duddk21,건강한 반찬들과 밥 잘먹었습니다~👍,방문일,1번째 방문,점심에 방문,친절해요,205,1
38232807,gol****,맛있습니다 이대맛집,방문일,2번째 방문,점심에 방문,양이 많아요,381,2
38232807,동그랑땡은데굴데굴,김부각 완전 맛있어서 또 가고 싶어용,방문일,1번째 방문,"점심에 방문, 예약 없이 이용, 대기 시간 바로 입장, 친목, 친구",음식이 맛있어요,170,1
38232807,꿀벌9868,처음 왔는데 넘 맛있어요!친절하게 설명도 잘 해주십니다!,방문일,1번째 방문,점심에 방문,혼밥하기 좋아요,1030,1
38232807,셋맘1495,굿,방문일,1번째 방문,저녁에 방문,음식이 맛있어요,490,1
38232807,예르75,자극적이지 않은 건강한 밥집😋거리만 가까우면 좀더 자주 가고 싶을 정도로 아주 좋아하는 곳이에요 :) 밑반찬도 아주 정갈하고 신경을 많이 쓰셨다는 게 느껴집니다.,방문일,1번째 방문,점심에 방문,재료가 신선해요,362,1
38232807,YJ7532,맛있어요,방문일,1번째 방문,저녁에 방문,음식이 맛있어요,265,1
38232807,qwert726,자취생들에게는 이런 정갈하고 건강한 밥 한 끼가 최고에요.. 맵고 짜고 단거에 질려서 배가 너무 힘들었는데 여기서 밥 먹고 몸도 너무 가벼워용 사장님 짱,방문일,1번째 방문,점심에 방문,매장이 청결해요,301,1
38232807,선비서씨,저염식이라 맛있어요속이 편해요,방문일,1번째 방문,저녁에 방문,친절해요,1675,1
38232807,gol****,정갈하고 아주 맛있습니다,방문일,1번째 방문,점심에 방문,매장이 청결해요,381,1
38232807,kakajaaa,건강한 맛이에요. 양도많음,방문일,1번째 방문,점심에 방문,양이 많아요,152,1
38232807,바나나딸기푸딩,정갈하고 맛있어요,방문일,3번째 방문,저녁에 방문,친절해요,1067,3
38232807,카이로울프,정갈해요,방문일,2번째 방문,점심에 방문,매장이 청결해요,818,2
38232807,daen0123,맛있어요.,방문일,1번째 방문,밤에 방문,혼밥하기 좋아요,1481,1
38232807,Iliillilill,이대앞 집밥먹고싶으면 가는 곳...👍,방문일,3번째 방문,밤에 방문,친절해요,103,3
38232807,오리5794,건강하고 속이 편해요☺️ 근데 좀 비싸요🥲 혼밥하기도 좋아요👍 매장이 예쁜데 좀 작아요🥹,방문일,1번째 방문,밤에 방문,혼밥하기 좋아요,34,1
38232807,염소자리35,건강한 맛이에요,방문일,2번째 방문,밤에 방문,혼밥하기 좋아요,654,2
38232807,해피바이러스79,정갈하고 깔끔하고 작지만 알찬 식당이에요.반찬이 일반적인 가정식 반찬이라 그런지 집밥먹는 기분이에요. 두번째 방문입니다,방문일,2번째 방문,밤에 방문,음식이 맛있어요,766,2
38232807,duawltn,굳,방문일,1번째 방문,점심에 방문,재료가 신선해요,308,1
38232807,0o0zzzo0,이대 정문 앞 골목에 위치한 아주 작은 식당이예요 그냥 리뷰대로 슴슴하고 조용한 식당이겠거니 갔는데 기대 이상으로 맛있고 배부르게 식사했습니다 ! 건강한 맛이면서도 혀가 즐거운 식단이랄까요 …? 정말 맛있었어요! 사장님도 너무 친절하시구 일일이 부족하면 말씀하시라 해주셔서 기분 좋은 저녁식사였습니다 :),방문일,1번째 방문,밤에 방문,친절해요,652,1
38232807,grace84,신선하고 건강한 식사를 할 수 있습니다,방문일,1번째 방문,점심에 방문,음식이 맛있어요,394,1
38232807,포레레,건강한 저염식! 그러면서 든든해요 김부각 최고맛있네요,방문일,1번째 방문,점심에 방문,음식이 맛있어요,434,1
38232807,염소자리35,맛있어요,방문일,1번째 방문,점심에 방문,음식이 맛있어요,654,1
38232807,jizz0,정갈하고 건강한 한식 한상 먹을 수 있어요! 집밥 느낌나요! 나물 반찬이랑 제육볶음 다 자극적이지 않고 맛있었어요😋,방문일,1번째 방문,저녁에 방문,혼밥하기 좋아요,1495,1
38232807,뭐든내맘대로,굳,방문일,2번째 방문,저녁에 방문,친절해요,454,2
38232807,jok****,맛있어요,방문일,1번째 방문,밤에 방문,음식이 맛있어요,2869,1
38232807,조랭이떡608,삼삼하고 건강한 맛이에요 근데 맛있기까지 해요든든하고 좋아요,방문일,1번째 방문,저녁에 방문,음식이 맛있어요,250,1
38232807,겨울페리에레몬,진짜 너무 맛있고 너무 힐링,방문일,1번째 방문,점심에 방문,음식이 맛있어요,225,1
38232807,쯰진,맛있어용,방문일,1번째 방문,점심에 방문,음식이 맛있어요,133,1
38232807,쩝쩝석사68,언제와도 맛있어요 ㅠㅠ,방문일,1번째 방문,점심에 방문,혼밥하기 좋아요,241,1
38232807,해피바이러스79,이대 근처 가면 가끔씩 찾는 작은 음식점이에요.참새방앗간 ㅎ공간이 작지만 알찬 느낌이에요음식도 깔끔하고 맛있어요. 단체보다는 찐친구와 함께 마주 앉아 친밀하게 밥 먹기 좋아요,방문일,1번째 방문,점심에 방문,혼밥하기 좋아요,766,1
38232807,퀘이사왜안됨,굿,방문일,1번째 방문,저녁에 방문,단체모임 하기 좋아요,520,1
38232807,Iliillilill,매장이 작아서 항상 웨이팅 있는거 말고는 단점이 없습니다. 간이 삼삼해서 건강한 식사 한 느낌이예요. 맛있어요.장아찌불고기 밥보다 명란을 더 추천합니다!,방문일,2번째 방문,밤에 방문,재료가 신선해요,103,2
38232807,경복진,굿,방문일,7번째 방문,밤에 방문,음식이 맛있어요,2337,7
38232807,라일락520,굿,방문일,1번째 방문,아침에 방문,음식이 맛있어요,1037,1
38232807,로열티2,소녀방앗간 이화여대점#이대 맛집#이대 산나물밥 맛집첫방문!점심 혼밥했어요. (안창피 & 안부끄.. ㅎㅎㅎ)산나물밥 먹었는데 완전 건강식이에요.나물밥의 간이 적당해서..간장보단 된장무말랭이랑 비벼 먹었고..반찬들도 건강식! 특히 김튀각이~ 👍사장님이 밥 더준다해서 더 달라해서 먹었어요. 저녁까지 완전 든든..김튀각도 별도로 팔아서 샀어요. 집에 가서 먹으려구요.맛집! 추천!,방문일,1번째 방문,점심에 방문,음식이 맛있어요,580,1
38232807,맛도리369,친절하시고 식사가 정갈해서 좋았어요,방문일,1번째 방문,밤에 방문,음식이 맛있어요,16,1
38232807,뭐든내맘대로,맛있어요,방문일,1번째 방문,점심에 방문,음식이 맛있어요,454,1
38232807,제이제이영,굿,방문일,1번째 방문,저녁에 방문,음식이 맛있어요,1367,1
38232807,les****,건강하게 맛있어요~,방문일,1번째 방문,밤에 방문,재료가 신선해요,280,1
38232807,peh****,맛있어요,방문일,1번째 방문,밤에 방문,음식이 맛있어요,28,1
38232807,붕붕언니26,"친절하고 빨리 나오고 혼밥하기 좋아요 근데 명란비빔밥, 된장국은 제 입맛에는 많이 짰어요",방문일,1번째 방문,밤에 방문,친절해요,2370,1
38232807,pjgmsh22,맛나게 잘 먹었어요,방문일,1번째 방문,점심에 방문,친절해요,223,1
38232807,해피빈93,좋아요,방문일,1번째 방문,밤에 방문,재료가 신선해요,80,1
38232807,dls2725,건강한 맛인데 맛있어요,방문일,1번째 방문,밤에 방문,혼밥하기 좋아요,428,1
38232807,맛난것찾아서,맛있어요,방문일,1번째 방문,밤에 방문,혼밥하기 좋아요,1144,1
38232807,동그라미동동글,:),방문일,1번째 방문,밤에 방문,,1107,1
1751348952,토마도아,양이 많이 적은 편이지만 와사비 오일이 맘에 들어서 또 와볼 거 같습니다. 비싼 가격인 만큼 양 조금만 늘려주셨으면 좋겠어요.,방문일,1번째 방문,"저녁에 방문, 예약 없이 이용, 대기 시간 바로 입장, 친목, 친구",매장이 넓어요,14,1
1751348952,74d****,신선하고 맛있게 잘먹었습니다,방문일,3번째 방문,"점심에 방문, 예약 없이 이용, 대기 시간 10분 이내, 데이트, 친구",음식이 맛있어요,1316,3
1751348952,김노인96,넘 맛있어요 쾁쾁쾁 으하하하😍😍😍,방문일,2번째 방문,"점심에 방문, 예약 없이 이용, 대기 시간 바로 입장, 일상, 혼자",음식이 맛있어요,40,2
1751348952,저어엉콩,항상 맛있어요,방문일,3번째 방문,"점심에 방문, 예약 없이 이용, 대기 시간 바로 입장, 데이트, 연인・배우자",매장이 넓어요,545,3
1751348952,yysj911,맛있습니다,방문일,5번째 방문,"저녁에 방문, 예약 없이 이용, 대기 시간 바로 입장, 나들이, 혼자",음식이 맛있어요,334,5
1751348952,강소이0,클래식 참치포케 좋아요,방문일,1번째 방문,"점심에 방문, 예약 없이 이용, 대기 시간 바로 입장, 일상, 혼자",음식이 맛있어요,2605,1
1751348952,맛도리를 찾아서 떠난자,skt 5천원 할인 있길래 한 번 가봤어요! 부채살 스테이크 메뉴 먹었더니 든든해요 ㅎ,방문일,1번째 방문,"점심에 방문, 예약 없이 이용, 대기 시간 바로 입장, 친목, 부모님",매장이 넓어요,90,1
1751348952,toza,,방문일,1번째 방문,점심에 방문,음식이 맛있어요,553,1
1751348952,라온샐빛,할인받아서 먹으니 합리적임.,방문일,1번째 방문,"점심에 방문, 예약 없이 이용, 대기 시간 10분 이내, 일상, 혼자",특별한 메뉴가 있어요,691,1
1751348952,새비아씨61,전체적으로 건강한 음식먹고싶을때 가볍게 먹기 좋은것같습니다,방문일,1번째 방문,"점심에 방문, 예약 없이 이용, 대기 시간 바로 입장, 일상, 혼자",음식이 맛있어요,78,1
1751348952,Ashley5,테이크아웃해서 먹기 좋아요,방문일,1번째 방문,"점심에 방문, 포장·배달 이용, 대기 시간 바로 입장, 혼자",혼밥하기 좋아요,73,1
1751348952,왕감자58,소스가 조금 부족했다 들어가는 재료가 다양햐소 좋다,방문일,1번째 방문,"점심에 방문, 예약 없이 이용, 대기 시간 바로 입장, 일상, 친구",음식이 맛있어요,560,1
1751348952,메롱8475,타매장에 비해 양이 조금 적은 것 같아요 :(,방문일,2번째 방문,"저녁에 방문, 예약 없이 이용, 대기 시간 바로 입장, 혼자",음식이 맛있어요,559,2
1751348952,wo****,1샐러그랩을 먹하고싶은데 안 찾았어요. 근데 부채살 스테이크 추천드려요. 2너무빨르게 음식들 나왔어요.,방문일,1번째 방문,"점심에 방문, 예약 없이 이용, 대기 시간 바로 입장, 나들이, 친구",음악이 좋아요,1,1
1751348952,메롱8475,체인점이라 평타~! 다른 포케보다 슬로우캘리가 맛있어요,방문일,1번째 방문,"점심에 방문, 예약 없이 이용, 대기 시간 바로 입장, 혼자",음식이 맛있어요,559,1
1751348952,zzanggrang,,방문일,2번째 방문,"저녁에 방문, 예약 없이 이용, 대기 시간 바로 입장, 친목, 일상, 친구",음식이 맛있어요,290,2
1751348952,Mintcho,굿,방문일,3번째 방문,점심에 방문,음식이 맛있어요,454,3
1751348952,도토리끼리,,방문일,2번째 방문,"저녁에 방문, 예약 없이 이용, 대기 시간 바로 입장, 일상, 혼자",음식이 맛있어요,516,2
1751348952,맛집대탐방맛집,맛있고 친절합니다!!,방문일,17번째 방문,"저녁에 방문, 예약 없이 이용, 대기 시간 바로 입장",음식이 맛있어요,500,17
1751348952,저어엉콩,,방문일,2번째 방문,"저녁에 방문, 예약 없이 이용, 대기 시간 바로 입장, 나들이, 혼자",음식이 맛있어요,545,2
1751348952,줄리아1303,짱 밋있음!!! 꼭 소스랑 같이 드셔보세요!,방문일,1번째 방문,"저녁에 방문, 예약 없이 이용, 대기 시간 바로 입장, 나들이, 친구",재료가 신선해요,215,1
1751348952,맘3387,굿,방문일,2번째 방문,"저녁에 방문, 예약 없이 이용, 대기 시간 바로 입장, 일상, 혼자",음식이 맛있어요,1408,2
1751348952,복숭아99,음식 주문하자마자 나오고 맛있어용,방문일,1번째 방문,"저녁에 방문, 예약 없이 이용, 대기 시간 바로 입장, 친목",음식이 맛있어요,464,1
1751348952,제레미7959,포케.2차대전 후 하와이에 건너간 수많은 일본인들이 간장과 밥 등 아시아의 재료를 넣어서 서양식으로 만든 요리. 영화 '더 플랫폼'에는 감옥에 들어가기 전 딱 한가지 음식을 정하고 그 음식을 수감생활 내내 먹을 수 있다는 설정이 있다. 나는 그런 상황에서 무슨 음식을 고를까? 영양 밸런스와 맛을 고려할 때... 나라면 답은 포케다,방문일,1번째 방문,"저녁에 방문, 예약 없이 이용, 대기 시간 바로 입장, 데이트, 연인・배우자",음식이 맛있어요,145,1
1751348952,Mintcho,맛있어요 ㅎㅎ,방문일,2번째 방문,점심에 방문,음식이 맛있어요,454,2
1751348952,엘펑,"포케 처음 먹어봤습니다. 건강식 같으면서도 같지 않아보이는게, 밑바닥 소스가 기름집니다. 다이어트 아니어도 괜찮게, 곱배기 메뉴가 있으면 더 좋을 것 같아요. 맛은 있습니다. 감사합니다.",방문일,1번째 방문,"저녁에 방문, 예약 없이 이용, 대기 시간 바로 입장",재료가 신선해요,1526,1
1751348952,김노인96,항상 맛있어요!,방문일,1번째 방문,"점심에 방문, 예약 없이 이용, 대기 시간 바로 입장, 혼자",음식이 맛있어요,40,1
1751348952,꿀벌9868,맛있어요,방문일,1번째 방문,"점심에 방문, 예약 없이 이용, 대기 시간 10분 이내",음식이 맛있어요,1030,1
1751348952,저어엉콩,신선하고 맛있어요,방문일,1번째 방문,"저녁에 방문, 포장·배달 이용, 대기 시간 바로 입장, 일상, 혼자",음식이 맛있어요,545,1
1751348952,Mintcho,굿,방문일,1번째 방문,저녁에 방문,음식이 맛있어요,454,1
1751348952,딩딩잉,포장으로 먹었는데 왠지 포장이 양이 더 적은 느낌 ?.. 근데 기분탓일 수 있어요. 슬로우캘리 기본적으로 맛이 깔끔하고 맛있어서 좋아요 ! 포장이든 매장이든 금방 음식 나오는 것도 장점인 것 같아요 굿굿,방문일,1번째 방문,"저녁에 방문, 포장·배달 이용, 대기 시간 바로 입장, 일상, 혼자",음식이 맛있어요,10,1
1751348952,첼로4915,군더더기 없이 깔끔한 맛입니다. 클래식연어포케는 밑에 간장이 몰려있으니 적당히 섞어서 먹어야 합니다.,방문일,3번째 방문,"저녁에 방문, 예약 없이 이용, 대기 시간 바로 입장, 일상, 혼자",음식이 맛있어요,921,3
1751348952,하취,포케는 슬캘,방문일,1번째 방문,"점심에 방문, 예약 없이 이용, 대기 시간 바로 입장, 일상, 혼자",음식이 맛있어요,596,1
1751348952,par****,맛있어요 :),방문일,1번째 방문,"점심에 방문, 예약 없이 이용, 대기 시간 바로 입장, 친목, 친구",인테리어가 멋져요,339,1
1751348952,iamyou,"생각보다 실망스러운 곳. 날파리가 날아다니고, 화장실은 반지하에 있는 쪽문 같은 곳에 남녀공용.닭다리살에 양념이 되어 있지만 너무 달고 다이어트식인지 약감의 의문감이 생김. 다음에는 새우먹어보려고 하지만.. 실망스러운 첫방문으로 인해 또 올지는 미지수. 다만, 배는 진짜부름!",방문일,1번째 방문,"점심에 방문, 예약 없이 이용, 대기 시간 바로 입장, 일상, 혼자",혼밥하기 좋아요,331,1
1751348952,밤이226,"지금까지 8번 정도 방문한 것 같다. 매번 같은 메뉴를 먹는데, 오늘은 처음으로 연어에서 비린맛이ㅠㅠ 왜 그러지? 또 주문할지 망설여짐",방문일,1번째 방문,"점심에 방문, 예약 없이 이용, 대기 시간 바로 입장, 일상, 혼자",음식이 맛있어요,959,1
1751348952,KKY77,한창 많이 갔다가 오랜만에 감다른 포케집이랑 다르게 소스가 기본으로 섞여있어서 내가 소스를 따로 넣을 필요가 없는 점이 좋음. 그리고 메밀면으로 구성 바꿀 수 있는게 가장 맘에 듦.야채가 꽤 많고 신선해서 깨끗하고 가볍게 먹을 때 👍,방문일,1번째 방문,"점심에 방문, 포장·배달 이용, 대기 시간 바로 입장, 일상, 혼자",재료가 신선해요,9,1
1751348952,맛집대탐방맛집,정말 맛있습니다!!,방문일,11번째 방문,"점심에 방문, 예약 없이 이용",음식이 맛있어요,500,11
1751348952,맛집대탐방맛집,너무 맛있어요!!,방문일,10번째 방문,"저녁에 방문, 예약 없이 이용",음식이 맛있어요,500,10
1751348952,coolnyangi,건강한 포케 한그릇! 이대점은 주스도 주셔서 더 특별하게 느껴졌어요.,방문일,1번째 방문,"점심에 방문, 예약 없이 이용, 대기 시간 바로 입장, 일상, 혼자",음식이 맛있어요,130,1
1751348952,thuglife,:),방문일,2번째 방문,"점심에 방문, 예약 없이 이용, 대기 시간 바로 입장, 일상, 혼자",재료가 신선해요,1449,2
1751348952,맛집대탐방맛집,최고예요!!,방문일,9번째 방문,"점심에 방문, 예약 없이 이용",음식이 맛있어요,500,9
1751348952,노블힐스,딸이 맛있다고 해서 와 봤어요😃외식메뉴중에서 건강하고 맛있게 먹을수 있어서 좋았어요😃클래식 연어포케 부채살 스테이크 보울 스파이시 토마토 야채 스프 석류 콤부차 모두 맛있게 먹었어요❤️,방문일,1번째 방문,"점심에 방문, 예약 없이 이용, 대기 시간 바로 입장, 나들이, 연인・배우자, 아이",음식이 맛있어요,29,1
1751348952,맛집대탐방맛집,너무 맛있어요!!,방문일,8번째 방문,점심에 방문,음식이 맛있어요,500,8
1751348952,thuglife,맛있어요ㅠㅠㅠ,방문일,1번째 방문,"점심에 방문, 예약 없이 이용, 대기 시간 바로 입장, 친목",음식이 맛있어요,1449,1
1751348952,ssuaaaa,참치 포케 맛이써용🤤,방문일,6번째 방문,"점심에 방문, 예약 없이 이용, 대기 시간 바로 입장, 일상, 혼자",매장이 넓어요,14,6
1751348952,맛집대탐방맛집,맛있어요!! 추천합니당,방문일,7번째 방문,"점심에 방문, 예약 없이 이용",음식이 맛있어요,500,7
1751348952,맛집대탐방맛집,너무 맛있어요!!,방문일,6번째 방문,"저녁에 방문, 예약 없이 이용",음식이 맛있어요,500,6
1751348952,맛집대탐방맛집,너무 맛있습니다!!,방문일,5번째 방문,"점심에 방문, 예약 없이 이용, 대기 시간 바로 입장",음식이 맛있어요,500,5
1751348952,양도비,밥 양이 많아졌어요,방문일,2번째 방문,"저녁에 방문, 예약 없이 이용, 대기 시간 바로 입장, 일상, 혼자",음식이 맛있어요,851,2
1751348952,토니토니초파,굿굿,방문일,3번째 방문,"저녁에 방문, 예약 없이 이용, 대기 시간 바로 입장, 일상, 혼자",음식이 맛있어요,1212,3
1751348952,흑당에 퐁당,신선하고 맛있었어요트러플버섯포케 10500원,방문일,1번째 방문,"점심에 방문, 예약 없이 이용, 대기 시간 바로 입장, 일상, 지인・동료",재료가 신선해요,340,1
1751348952,yur****,꽤 맛나요,방문일,1번째 방문,"저녁에 방문, 예약 없이 이용, 여행, 지인・동료",재료가 신선해요,2027,1
1751348952,one****,가게오픈 공사중이었던 것만 보고 오늘 처음 이용해봅니다. 스테이크굽기도 부드럽게 좋앗고 맛도 좋았는데 파프리카 서너개가 좀 물렀던게 작은 흠이랄까요. 다음엔 다른 메뉴를 시도해봐야겠어요~,방문일,1번째 방문,"점심에 방문, 예약 없이 이용, 대기 시간 바로 입장, 일상, 혼자",매장이 청결해요,1067,1
1751348952,나94575,,방문일,3번째 방문,"저녁에 방문, 예약 없이 이용, 대기 시간 바로 입장, 일상, 친구",음식이 맛있어요,706,3
1751348952,첼로4915,이른 저녁 시간에 갔는데 한산했습니다! 부담스럽지 않게 빠르게 호로록 먹을 수 있는 저녁이라 좋습니다!,방문일,2번째 방문,"저녁에 방문, 예약 없이 이용, 대기 시간 바로 입장, 일상, 혼자",음식이 맛있어요,921,2
1751348952,달개비12,샐러드에 밥을 추가한 건강식 맛있어요,방문일,1번째 방문,"점심에 방문, 예약 없이 이용, 대기 시간 바로 입장, 친목, 친구",음식이 맛있어요,1552,1
1751348952,토니토니초파,good!,방문일,2번째 방문,"점심에 방문, 예약 없이 이용, 대기 시간 바로 입장, 친목, 지인・동료",음식이 맛있어요,1212,2
1751348952,ooooo1616,포케 식당 중 젤 맛나,방문일,1번째 방문,"점심에 방문, 예약 없이 이용, 대기 시간 바로 입장, 친목, 지인・동료",음식이 맛있어요,594,1
1751348952,권송송,메뉴가 다양하고 건강한 맛이라 좋아요~,방문일,1번째 방문,"점심에 방문, 예약 없이 이용, 대기 시간 바로 입장, 친목, 부모님",음식이 맛있어요,436,1
1751348952,Saltbread0,싱싱하고 맛있어요! 클래식 연어 포케도 그렇고 소스가 다 발려있다고 하니 참고하세요..!,방문일,2번째 방문,"저녁에 방문, 포장·배달 이용",매장이 넓어요,30,2
1751348952,hanej77,굿,방문일,1번째 방문,"점심에 방문, 예약 없이 이용, 대기 시간 바로 입장, 데이트, 연인・배우자",음식이 맛있어요,1408,1
1751348952,떡볶이좋아4,좋아요,방문일,1번째 방문,"점심에 방문, 예약 없이 이용, 대기 시간 바로 입장, 친목, 친구",음식이 맛있어요,975,1
1751348952,해달별83,굿,방문일,1번째 방문,"점심에 방문, 예약 없이 이용, 대기 시간 바로 입장, 친목, 친구",음식이 맛있어요,1063,1
1751348952,zsue,WOW 진짜 맛있군뇨 !!!!!!! 💚샐러드.. 포케.. 이런거 아직 좋아하지는 않는 입문러인데 진짜 여기는 너~~무 맛있어서 놀랐어요후추페퍼참치 추천해요 (조금 짜긴 해요!),방문일,1번째 방문,"점심에 방문, 예약 없이 이용, 대기 시간 바로 입장, 친목, 지인・동료",음식이 맛있어요,187,1
1751348952,박지원2084,벌써 4번째 방문! 주2회는 와용,방문일,4번째 방문,"점심에 방문, 예약 없이 이용, 대기 시간 바로 입장, 혼자",음식이 맛있어요,37,4
1751348952,랄라룰루랄라룰루,음 잘 먹었습니다,방문일,1번째 방문,"점심에 방문, 예약 없이 이용, 대기 시간 바로 입장, 나들이, 혼자",가성비가 좋아요,764,1
1751348952,Jaeyoun Kim,맛있고 매장도 깨끗해요!,방문일,1번째 방문,"저녁에 방문, 예약 없이 이용, 대기 시간 바로 입장, 친목, 친구",매장이 청결해요,3,1
1751348952,azure0015,너무너무 맛있고 다이어트하기 딱 좋아요👍처음와봤는데 앞으로 자주올것같아요 ㅎㅎ,방문일,1번째 방문,"저녁에 방문, 예약 없이 이용, 대기 시간 10분 이내, 친목, 친구",음식이 맛있어요,303,1
1751348952,bearislovely,넘맛있어요~~~! 이대다니는데 맨날 와요😍,방문일,2번째 방문,"저녁에 방문, 예약 없이 이용, 대기 시간 바로 입장, 친목, 친구",음식이 맛있어요,22,2
1751348952,김영서74,맛있고 좋아요!,방문일,1번째 방문,"저녁에 방문, 예약 없이 이용, 대기 시간 바로 입장, 친목, 친구",인테리어가 멋져요,14,1
1751348952,방울777,너무 맛있어요!! ❤️😊,방문일,3번째 방문,"점심에 방문, 예약 없이 이용, 대기 시간 바로 입장, 나들이, 혼자",음식이 맛있어요,191,3
1751348952,겸둥이1254,,방문일,3번째 방문,"점심에 방문, 예약 없이 이용, 대기 시간 바로 입장, 일상",음식이 맛있어요,9,3
1751348952,일반인님,"양이 조금 적긴 하지만 그래도 맛있어요! 새우랑 샐러드 좋아하면 추천합니다! 양념도 맛있고, 새우도 통통해용 😄",방문일,2번째 방문,"점심에 방문, 예약 없이 이용, 대기 시간 바로 입장, 일상, 친구",음식이 맛있어요,14,2
1751348952,ssuaaaa,"이대 포케 1등입니당,,😍",방문일,5번째 방문,"점심에 방문, 예약 없이 이용, 대기 시간 바로 입장, 일상, 지인・동료",음식이 맛있어요,14,5
1751348952,david90,,방문일,1번째 방문,"점심에 방문, 예약 없이 이용, 대기 시간 바로 입장, 데이트, 혼자",음식이 맛있어요,72,1
1751348952,베르단디79,채식 잘 하는 딸래미랑한번은 가보자 가보자 하다가 오늘 왔어요.몸매 관리도 중요하지만 몸에 좋고 건강한 한끼로 먹는 순간부터 뭔가 기분이 좋아지는... 평소 먹지않는 야채가 들어가서 좋아요. 맛있어서 아이도 한개도 안 빼고 잘 먹네요.다음에 또 올려구요!!,방문일,1번째 방문,"저녁에 방문, 예약 없이 이용, 대기 시간 바로 입장, 일상, 아이",음식이 맛있어요,42,1
1751348952,달고나94,,방문일,1번째 방문,"점심에 방문, 예약 없이 이용, 대기 시간 바로 입장, 데이트, 연인・배우자",음식이 맛있어요,15,1
1751348952,도로시93,직원분이 친절하고 편하게 먹고가요👍,방문일,2번째 방문,"점심에 방문, 예약 없이 이용, 대기 시간 바로 입장, 친목, 나들이, 친구, 친척・형제",매장이 청결해요,21,2
1751348952,양도비,포케 주변중에 여기가 일등이예용건강하게 먹고싶을 때 마다 여기와용연어클래식 ㄱㄱ,방문일,1번째 방문,"점심에 방문, 예약 없이 이용, 대기 시간 바로 입장, 혼자",음식이 맛있어요,851,1
1751348952,토니토니초파,넘나 굿굿굿,방문일,1번째 방문,"점심에 방문, 예약 없이 이용, 대기 시간 바로 입장, 친목, 친구",음식이 맛있어요,1212,1
1751348952,팽54,늘 즐겨찾는 슬로우캘리💖😽 항상 신선한 재료와 맛있는 포케 먹고갑니다! 이대점은 처음인데 매장도 넓고 청결해요🫧 다음에 또 오겠습니다 😽👍,방문일,1번째 방문,"저녁에 방문, 예약 없이 이용, 대기 시간 바로 입장, 친목, 나들이, 친구",친절해요,7,1
1751348952,JH4842,슬캘은 말모말모입니다… 오늘은 처음으로 라임펀즈문어포케 시켰는데 기대하고 있습니다!!!,방문일,3번째 방문,"저녁에 방문, 예약 없이 이용, 대기 시간 바로 입장, 친목, 친구",음식이 맛있어요,21,3
1751348952,빵민주스,맛있어욥!!,방문일,16번째 방문,"저녁에 방문, 예약 없이 이용, 대기 시간 바로 입장, 일상, 혼자",음식이 맛있어요,40,16
1751348952,박수민4030,맛있게 잘 먹었습니당 !,방문일,1번째 방문,"저녁에 방문, 예약 없이 이용, 대기 시간 바로 입장, 친목, 친구",매장이 넓어요,59,1
1751348952,flsk12,맛있어요! 항상 잘 먹고 있어요!,방문일,3번째 방문,"저녁에 방문, 예약 없이 이용, 대기 시간 바로 입장, 일상, 부모님",음식이 맛있어요,14,3
1751348952,csy****,스파이시 참치 주문해서 신촌기차역에서 먹었어요. 꿀맛입니다. 매장 넓고 쾌적하네요.,방문일,1번째 방문,"저녁에 방문, 예약 없이 이용, 대기 시간 바로 입장, 일상, 연인・배우자",음식이 맛있어요,606,1
1751348952,빵민주스,맛있어욥!!,방문일,15번째 방문,"저녁에 방문, 예약 없이 이용, 대기 시간 바로 입장, 일상, 혼자",음식이 맛있어요,40,15
1751348952,June709,맛있어요~ 자주 올 것 같아요~,방문일,1번째 방문,"점심에 방문, 예약 없이 이용, 대기 시간 바로 입장, 친목, 친구",인테리어가 멋져요,14,1
1751348952,박지원2084,벌써 3번째 방문이고 이건 저번에 먹은거에요~ 전메뉴 먹어 보고 있는데 다 특색있고 너무 맛있습니다:) 건강해서 좋아요!,방문일,3번째 방문,"점심에 방문, 예약 없이 이용, 대기 시간 바로 입장, 일상, 혼자",음식이 맛있어요,37,3
1751348952,gameboyzzang28,,방문일,2번째 방문,"점심에 방문, 예약 없이 이용, 대기 시간 바로 입장, 일상, 혼자",음식이 맛있어요,20,2
1751348952,빵민주스,맛있어요!!!,방문일,14번째 방문,"저녁에 방문, 예약 없이 이용, 대기 시간 바로 입장, 일상, 혼자",음식이 맛있어요,40,14
1751348952,BLACK46,너무 맛있어요오오🩵,방문일,1번째 방문,"저녁에 방문, 예약 없이 이용, 대기 시간 30분 이상, 일상, 혼자",매장이 넓어요,22,1
1751348952,ssuaaaa,너무 마시써용.. 또또또또간집 ㅜㅜ,방문일,4번째 방문,"점심에 방문, 예약 없이 이용, 대기 시간 바로 입장, 일상, 혼자",인테리어가 멋져요,14,4
1751348952,민트초코오이냉국맛있다,항상 건강한 맛 !!! 너무 맛있고 양도 많아요!! 강추합니다!!,방문일,3번째 방문,"점심에 방문, 예약 없이 이용, 대기 시간 바로 입장, 일상, 친구",음식이 맛있어요,34,3
1751348952,봄9061,굿,방문일,1번째 방문,"점심에 방문, 예약 없이 이용, 대기 시간 바로 입장, 데이트, 연인・배우자",음식이 맛있어요,778,1
1751348952,YZ19,,방문일,1번째 방문,"저녁에 방문, 예약 없이 이용, 대기 시간 바로 입장, 일상, 혼자",음식이 맛있어요,63,1
1751348952,진짜루루루,매장이 넓고 깨끗해서 좋아요~!,방문일,1번째 방문,"점심에 방문, 예약 없이 이용, 대기 시간 바로 입장, 친목, 친구",매장이 넓어요,28,1
1751348952,ssaaeeah,재료 신선하고 맛있어요!!🫶,방문일,3번째 방문,"점심에 방문, 예약 없이 이용, 대기 시간 바로 입장, 나들이, 일상, 혼자",음식이 맛있어요,83,3
1751348952,라라맘123,참치포케 연어포케 맛있어요~ 그런데 여름이라그런지 매장이 전체적으로 눅눅하고 테이블도 끈적거려서 ㅠㅠ 이부분만 좀 더 신경써주시면 좋을것같아요,방문일,1번째 방문,"저녁에 방문, 예약 없이 이용, 대기 시간 바로 입장",음식이 맛있어요,178,1
37792177,도토리끼리,원하는 사람은 고수 추가할 수 있어서 좋아요🌿,방문일,2번째 방문,"점심에 방문, 예약 없이 이용, 대기 시간 10분 이내, 일상, 친구",음식이 맛있어요,516,2
37792177,appleofyoureyeee,언제 먹어도 따끈하고 마쉿는 까이식당 ..🤤,방문일,2번째 방문,"점심에 방문, 예약 없이 이용, 대기 시간 바로 입장, 데이트, 연인・배우자",음식이 맛있어요,654,2
37792177,dly****,이대 오면 항상 방문하는 맛집입니다.촉촉한 닭가슴살에 소스가 아주 맛있습니다.,방문일,1번째 방문,"저녁에 방문, 예약 없이 이용, 대기 시간 바로 입장, 일상, 혼자",음식이 맛있어요,47,1
37792177,joa****,너무 맛있고 친절하고 따수운 곳사람들이 많은 이유가 있네요사장님 점원분 모두 너무 좋으세요,방문일,1번째 방문,"점심에 방문, 예약 없이 이용, 대기 시간 바로 입장",음식이 맛있어요,235,1
37792177,gos****,완전 친절하시고 맛있어요..! 순살 백숙&삼계탕 같은 느낌..? 생강소스 뿌려먹으니 자극적인 거 좋아하는 입맛에도 딱입니다! 공간은 협소해도 양도 많고 만족만족,방문일,1번째 방문,"점심에 방문, 예약 없이 이용, 대기 시간 30분 이내, 친목, 지인・동료",음식이 맛있어요,440,1
37792177,2769594,하 진짜 너무 맛있는데 집 앞에 없다는 게 유일한 단점...... 🥹 오전에 이대 근처 갈 일 있어서 점심으로 먹었는데 넘넘 맛있어요 ❣️❣️,방문일,1번째 방문,점심에 방문,음식이 맛있어요,42,1
37792177,Win38,최고의 치킨라이스,방문일,5번째 방문,"점심에 방문, 포장·배달 이용, 대기 시간 바로 입장, 일상, 혼자",음식이 맛있어요,1172,5
37792177,Win38,사랑해요까이식당,방문일,4번째 방문,"저녁에 방문, 포장·배달 이용, 대기 시간 10분 이내, 일상, 혼자",음식이 맛있어요,1172,4
37792177,Good Luck37,"싱가포르 현지 치킨 라이스 맛을 재현한 명소치킨라이스(특) ₩14,000",방문일,2번째 방문,"저녁에 방문, 예약 없이 이용, 대기 시간 바로 입장",음식이 맛있어요,2132,2
37792177,도윤남,,방문일,1번째 방문,"점심에 방문, 예약 없이 이용, 대기 시간 바로 입장, 일상, 혼자",음식이 맛있어요,151,1
37792177,거기어떤데,아는맛이고 별거 없어보이지만살코기는 엄청 부드럽고 묘하게 중독성,방문일,1번째 방문,점심에 방문,혼밥하기 좋아요,1199,1
37792177,IMURUK,무난합니다.,방문일,1번째 방문,점심에 방문,건강한 맛이에요,3138,1
37792177,뮤루룽둥이,"5시 조금 전에 갔더니 사람이 없었는데, 5시 땡하고 나니 여러 분이 오시더라구요! 밥맛도 좋고 치킨도 맛있어서 순삭했습니당 ㅠㅠ 상큼한 양배추와 뜨끈한 국물까지 완벽해요 🥲",방문일,1번째 방문,"점심에 방문, 예약 없이 이용, 대기 시간 바로 입장",혼밥하기 좋아요,82,1
37792177,응5237,식사시간에 방문하면 매번 웨이팅이 한가득한 이대 앞 찐 맛집 까이식당! 자극적이지 않으면서 중독성 있는 맛으로 한번씩 찾게 되는 곳이에요. 보들보들한 닭고기를 소스에 딱 찍어서 고소한 밥이랑 함께 먹으면 그대로 까이식당과 사랑에 빠지게 됩니다🥰 맵고 짠 자극적인 음식들과 다르게 부드러움만으로도 너무 맛있어요!소스가 짭조름하니 중독성 있는데 대체 뭐로 만들었을까 너무 궁금하더라구요🤔 어디서도 까이 식당과 비슷한 맛을 내는 식당은 못찾을 것 같아요. 오늘도 너무 알찬 식사였습니다,방문일,1번째 방문,"점심에 방문, 예약 없이 이용, 대기 시간 바로 입장, 일상, 혼자",음식이 맛있어요,16,1
37792177,자유의자,언제 먹어도 질리지 않는 치킨라이스입니다 가게가 작지만 회전률이 좋아서 오래 기다리지 않아서 되어도 좋아요,방문일,2번째 방문,"저녁에 방문, 예약 없이 이용, 대기 시간 10분 이내, 혼자",혼밥하기 좋아요,98,2
37792177,솜2591,5년째매번 똑같은게 너무 좋아요,방문일,1번째 방문,"점심에 방문, 예약 없이 이용, 대기 시간 바로 입장",음식이 맛있어요,90,1
37792177,Dre21,또 생각나는 맛자꾸 자꾸 생각나는 맛매일 먹고 싶어요,방문일,1번째 방문,"점심에 방문, 예약 없이 이용, 대기 시간 바로 입장, 여행, 일상, 연인・배우자",음식이 맛있어요,346,1
37792177,비비디바비디부7658,학생들 개강하기전에 알았더라면 자주왔을법한..재료는 그더 닭고기와 마늘볶음밥인데.. 맛있다,방문일,1번째 방문,"점심에 방문, 예약 없이 이용, 대기 시간 10분 이내, 일상, 혼자",음식이 맛있어요,657,1
37792177,mrj****,속이 편하고 맛있어요,방문일,1번째 방문,점심에 방문,음식이 맛있어요,753,1
37792177,XIII84,,방문일,1번째 방문,점심에 방문,음식이 맛있어요,1335,1
37792177,뭉코도리,작은 매장에 항상 대기가 있어 찜해놓았던 곳인데대기없이 입장가능했어요. 럭키!!워낙에 냄새에 민감한 1인이라입장시 닭냄새에 멈칫했는데오마이갓~~~!!태어나서 먹어본 닭고기중에 최고로 부드러웠어요.마늘밥은 고슬고슬 간도 딱이고맑은 국물은 첨가물이나 기교없는 깔끔한 맛이에요무심하게 썰은 양배추샐러드까지어느하나 부족함없는 정성스런 식사를 대접받는 느낌이어서기분좋고 맛있게 잘 먹었습니다.,방문일,1번째 방문,"저녁에 방문, 예약 없이 이용, 대기 시간 바로 입장",음식이 맛있어요,692,1
37792177,사율0305,"근처에 볼일이 있어서 혼밥할 곳을 찾다가 아늑해보여서 방문하게 되었어요! 메뉴가 이색적이고 담백하니 자극적이지 않아 좋았네용 싹싹 비우긴 했지만, 평소에 짜게 드시는 분들은 입맛에 안 맞을 거 같긴 해요.",방문일,1번째 방문,"저녁에 방문, 예약 없이 이용, 대기 시간 바로 입장, 비즈니스, 혼자",재료가 신선해요,84,1
37792177,des****,나오면서 뒤돌아봤네요 맛있습니다...👍,방문일,1번째 방문,"저녁에 방문, 예약 없이 이용, 대기 시간 바로 입장, 혼자",음식이 맛있어요,36,1
37792177,란화,종종 생각나는 맛! 금액이 점점 올라서 슬프지만 계속 생각나서 방문하게 돼욯ㅎㅎ,방문일,1번째 방문,"점심에 방문, 예약 없이 이용, 대기 시간 바로 입장, 혼자",음식이 맛있어요,156,1
37792177,meca033,굿,방문일,1번째 방문,"점심에 방문, 예약 없이 이용, 대기 시간 바로 입장, 일상, 지인・동료",현지 맛에 가까워요,854,1
37792177,내일은41,한입 먹고 깜짝 놀랐어요 뭐야 여기 미친거같아😱😱😱진짜 대존맛입니다😍😍😍,방문일,1번째 방문,"저녁에 방문, 예약 없이 이용, 대기 시간 바로 입장",음식이 맛있어요,229,1
37792177,단비담비,가끔 건강한 거 먹고 싶을 때 방문하는 집이에요! 알바분이 친절하십니다! 음식도 괜찮아요!,방문일,1번째 방문,"점심에 방문, 예약 없이 이용, 대기 시간 10분 이내, 친목, 친구",음식이 맛있어요,242,1
37792177,달무리37,"색다른, 이국적인, 신선한 맛!",방문일,1번째 방문,"점심에 방문, 예약 없이 이용, 대기 시간 바로 입장, 나들이, 연인・배우자",음식이 맛있어요,99,1
37792177,skk****,매장이 작은거 말고는 음식도 맛있었고 혼밥하기도 좋았습니다 ㅎㅎ,방문일,1번째 방문,"점심에 방문, 예약 없이 이용, 대기 시간 바로 입장, 일상, 혼자",음식이 맛있어요,305,1
37792177,블루24478,맛있어요!!! 슴슴하고 감칠맛 나는 치킨 라이스!!소식좌 기준 배고플 때 먹었는데 다 못 먹을 정도로 양 많았슴니다 저는 보통 먹었어요!!,방문일,1번째 방문,"점심에 방문, 예약 없이 이용, 대기 시간 바로 입장, 혼자",음식이 맛있어요,28,1
37792177,헬리오트로프,,방문일,1번째 방문,"점심에 방문, 예약 없이 이용, 대기 시간 바로 입장, 일상, 친척・형제",음식이 맛있어요,348,1
37792177,얍얍염,양이 많이 줄었네요..,방문일,1번째 방문,"저녁에 방문, 예약 없이 이용, 대기 시간 바로 입장",음식이 맛있어요,20,1
37792177,영도 ytcusnu,먹고 또 먹고 싶은 이대 맛집부드러운 닭고기와 고소한 닭국물이 아주 맛있습니다.토종 현지 음식보다 더 맛있는 것 같습니다. ^^,방문일,3번째 방문,"점심에 방문, 예약 없이 이용, 대기 시간 바로 입장, 일상, 혼자",음식이 맛있어요,424,3
37792177,Good Luck37,"치킨라이스(특) ₩14,000",방문일,1번째 방문,"저녁에 방문, 예약 없이 이용, 대기 시간 바로 입장",음식이 맛있어요,2132,1
37792177,맛없는건못참아,단일 메뉴인데 인기 엄청 많아요 코로나 전에 왔을 때랑 맛도 달라지지 않았고 삼계밥느낌?.? 밥도촉촉하니 잘 들어가네용 국물도 삼계탕 느낌에 외국 음식인데 무언가 토종스러운 것이 신기허다 신기해…^^ 소화안되거나 전 날 자극적인 것을 먹었다면 담 날 추천,방문일,1번째 방문,"점심에 방문, 예약 후 이용, 대기 시간 10분 이내, 일상, 지인・동료",음식이 맛있어요,1048,1
37792177,Jiwiii,,방문일,2번째 방문,"점심에 방문, 대기 시간 바로 입장",음식이 맛있어요,321,2
37792177,ou i,"★5* 치킨라이스 10,000원싱가포르에서 현지 치킨라이스를 먹어보진 못했으나 이것이 현지 맛이라면 싱가포르에서 살만 하겠다 정도? 이거 왜 안먹어요?임처음에는 이게 왜 맛있지..? 라는 말이 나오는 슴슴한 맛이나 먹을수록 이게 참맛이구나 라고 할 수 있음아삭한 양배추 샐러드와 닭가슴살도 촉촉부드러울 수 있구나를 깨닫게 한 식감, 간간한 밥에 킥이 있는 소스, 따뜻한 국물까지! 진짜 맛있음 하여간 꼭 드셔보세요매장이 많이 협소해서 피크 시간대에 가서 먹으면 웨이팅이 거의 무조건 있음.. 학생들 방학일 때 가거나 웬만하면 포장해서 먹기 포장 빨리 나옴새내기 때 이후로 가서 먹은 적은 없는 듯아무튼 국내 1위 치킨라이스 집이라고 말해본다번창하셔서 확장 이전해주셔요",방문일,1번째 방문,"점심에 방문, 포장·배달 이용, 대기 시간 10분 이내, 일상, 친구",음식이 맛있어요,41,1
37792177,Jiwiii,,방문일,1번째 방문,"점심에 방문, 예약 없이 이용, 대기 시간 바로 입장",음식이 맛있어요,321,1
37792177,신도리 가족,가성비가 좋아 자주 애용하고 있어요,방문일,2번째 방문,"점심에 방문, 예약 없이 이용, 대기 시간 바로 입장, 일상, 혼자",음식이 맛있어요,1296,2
37792177,올레올레올레,학부생일때 많이 먹었었기에 이대쪽 가면 항상 먹는 까이식당 치킨라이스! 담백하고 너무 맛있어요!,방문일,1번째 방문,"점심에 방문, 예약 없이 이용, 대기 시간 바로 입장, 일상, 혼자",음식이 맛있어요,504,1
37792177,첼로4915,매장은 여전히 복닥복닥 좁지만 종종 속 편한 음식 생각나면 갑니다! 물가가 너무 올라서ㅠ 양이 조금 줄었지만 속 편하고 든든하게 먹기 좋습니다,방문일,2번째 방문,"저녁에 방문, 예약 없이 이용, 대기 시간 바로 입장, 일상, 친구",음식이 맛있어요,921,2
37792177,셔잼,정말 맛있습니다. 이대 앞에 갈 기회가 있을 때마다 종종 들립니다. 닭고기가 너무 부드러워요🥰,방문일,1번째 방문,"점심에 방문, 예약 없이 이용, 대기 시간 바로 입장, 일상, 혼자",음식이 맛있어요,329,1
37792177,나94575,,방문일,1번째 방문,"점심에 방문, 예약 없이 이용, 대기 시간 10분 이내, 일상, 친구",친절해요,706,1
37792177,wlsdid,눈뜨자마자 너무 먹고싶어서 오픈까지 기다렸다가 호다닥 먹고 갑니다. 언제 먹어도 맛있어요👍🏻 계속 생각나는 맛이예요🥹💓,방문일,4번째 방문,"점심에 방문, 예약 없이 이용, 대기 시간 바로 입장, 일상, 혼자",음식이 맛있어요,73,4
37792177,SUBaK,그 유명한 까이식당! 처음 가봤습니다 브레이크타임 마치고 5시에 바로 들어갔는데 먹고있으니까 가게가 꽉 차더라구요..! 밥이 슴슴한듯 간이 잘 되어있어서 맛있었어요,방문일,1번째 방문,점심에 방문,음식이 맛있어요,1230,1
37792177,새냐,밥 한톨도 남김 없이 완 밥 했습니다조금 심심한 맛이지만 맛있아요,방문일,1번째 방문,"저녁에 방문, 예약 없이 이용, 대기 시간 바로 입장, 친목, 친구",음식이 맛있어요,165,1
37792177,sj별곰,치킨라이스의 단백한 맛이 좋아요,방문일,1번째 방문,"점심에 방문, 포장·배달 이용, 대기 시간 바로 입장, 일상, 혼자",음식이 맛있어요,1234,1
37792177,Limdoja,맛있어요,방문일,1번째 방문,점심에 방문,음식이 맛있어요,510,1
37792177,캐로리61,고수는 요청하면 줍니다. 줄서는 식당이라 계속 못먹다 이번에 먹어봤는데 닭고기가 촉촉하네요.,방문일,1번째 방문,"점심에 방문, 예약 없이 이용, 대기 시간 바로 입장, 일상, 혼자",재료가 신선해요,659,1
37792177,반짝6924,음식이 담백하고 건강한 맛입니다자극적이지 않아 속도 편해요닭고기가 촉촉하고 맛있어요,방문일,1번째 방문,"저녁에 방문, 예약 없이 이용, 대기 시간 10분 이내, 데이트, 연인・배우자",음식이 맛있어요,359,1
37792177,Rrrrh6,닭고기 육수로 양념 한 밥은 짭짤하고 수비도 한 닭고기는 부드러워요 사진만 봤을땐 무슨 맛인가 싶었는데 먹어보니 처음 먹어보는 맛있는 맛이라 술술 넘어감 이대 오면 꼭 먹어봐야 할 음식,방문일,1번째 방문,"저녁에 방문, 예약 없이 이용, 대기 시간 10분 이내, 일상, 친구",음식이 맛있어요,293,1
37792177,콩모아,정말 후딱 먹고 가야되는 곳이에요 ㅠㅠ 맛은 너무나도 맛있지만 매장자체가 12 명정도 앉을 수 있는 작은 크기이다보니 혼밥하면서 눈치가 보여요..체할거같아요.,방문일,1번째 방문,"점심에 방문, 예약 없이 이용, 대기 시간 바로 입장, 일상, 혼자",음식이 맛있어요,1281,1
37792177,자유의자,너무 맛있었어요 담백하고 육수도 깊은 맛이 나서 좋아요 특제소스랑 함께 먹으니 밥이 계속 들어가더라고요^.^과하게 양념되지 않아서 더욱 좋았습니다,방문일,1번째 방문,"점심에 방문, 예약 없이 이용, 대기 시간 바로 입장",음식이 맛있어요,98,1
37792177,ame****,너무 맛있고 가격 오른 것도 괜찮은데 이 모든 것에 비해 양이 적은 느낌이에요..ㅠㅠ,방문일,1번째 방문,"저녁에 방문, 예약 없이 이용, 대기 시간 바로 입장, 일상, 혼자",음식이 맛있어요,421,1
37792177,lyes2,😊👍,방문일,1번째 방문,"저녁에 방문, 예약 없이 이용, 대기 시간 바로 입장, 친목, 친구",차분한 분위기에요,783,1
37792177,익명8336,건강한맛인데 은근 좋아요소스가 맛있어요,방문일,1번째 방문,"저녁에 방문, 예약 없이 이용, 대기 시간 바로 입장, 일상, 혼자",음식이 맛있어요,47,1
37792177,2raemie,드디어 까이 먹어봤어요!닭이 처음 먹는 식감이라는 다른 후기가 이해되네요건강한 맛이에요~ 자극적인거 좋아하시면 슴슴하게 느껴질 수 있을 거 같아요! 깔끔한 식사였숩니다,방문일,1번째 방문,점심에 방문,음식이 맛있어요,1061,1
37792177,포포웅니,jmt,방문일,1번째 방문,점심에 방문,음식이 맛있어요,235,1
37792177,wlsdid,"진짜,, 예전엔 일주일에 한번은 꼭 갈일이 있어서 겸사겸사 한번씩 먹었었는데 ㅠㅠ 이제 자주 갈일이 없어서 오랜만에 갔는데도… 그래도 역시는 역시👍🏻 변함없는 한결같은 그맛, 너무 감동적인맛이예요ㅠㅠ 진심 매일 먹고싶다…….",방문일,3번째 방문,점심에 방문,음식이 맛있어요,73,3
37792177,누누너너넌뉴뉴뉴,,방문일,1번째 방문,"점심에 방문, 예약 없이 이용, 대기 시간 바로 입장, 일상, 혼자",음식이 맛있어요,580,1
37792177,신도리 가족,편하게 혼밥할 수 있어 좋네요,방문일,1번째 방문,점심에 방문,가성비가 좋아요,1296,1
37792177,local,자꾸 생각나는 맛😉😋😋,방문일,3번째 방문,점심에 방문,음식이 맛있어요,773,3
37792177,kdgry,부드럽고 촉촉쫄깃한 닭가슴살 + 마늘향으로 간이 된 짭짤한 밥 + 담백한 닭국물... 왜 유명한가 했는데 그럴 만한 중독적인 맛이에요! 다만 가게가 엄청 좁아서 편하게 먹긴 어려워요,방문일,1번째 방문,점심에 방문,혼밥하기 좋아요,159,1
37792177,Pits,매번 지나가면서만 보던 까이식당에서 드뎌 치킨라이스 포장을 !!! 오~ 닭고기 진짜 야들야들 하고 밥도 너무 맛있고 닭육수(?) 챙겨주신거도 넘 맛있고 완전 완전 잘 먹었습니다 :),방문일,1번째 방문,점심에 방문,음식이 맛있어요,2884,1
37792177,1347,포장하면 거의 기다리지 않고 먹을 수 있어요 🤤,방문일,1번째 방문,"점심에 방문, 포장·배달 이용, 대기 시간 바로 입장, 일상, 친구",음식이 맛있어요,139,1
37792177,local,너무 맛있어요😊😊 자꾸 생각나는 맛😋,방문일,2번째 방문,점심에 방문,친절해요,773,2
37792177,윤믜,"-치킨라이스(보통)🍴맛밥에서 짭쪼름한 감칠맛이 엄청나요..! 전 닭에서 감칠맛이 날 줄 알았는데 밥이 너무 맛있더라구요. 닭은 수비드 한 것처럼 쫀득,촉촉하고 부드러운 처음 먹어보는 식감이었고, 닭 자체에는 간이 많이 안되어있어서 소스에 찍어먹으면 딱이에요. 소스는 한국인에게 거부감없는 된장베이스의 짭쪼름한 소스였어요. 국물은 닭곰탕맛이었습니다.사실 엄청 특별한 맛이거나 향신료향이 나는 이국적인 맛일 줄 알았는데 그건 아니었고, 우리나라사람이라면 누구나 거부감없이 먹을 수 있는 감칠맛 짱의 약간 이국적인 삼계 닭고기덮밥인 것 같아요! 현지에서 안먹어봐서 비교는 못하겠지만 일단 맛있게 먹었습니당😊🏡서비스주문하고 자리 앉자마자 음식이 바로나와요ㅋㅋ 가게가 다찌석 10석? 밖에 없어서 매우협소!!",방문일,1번째 방문,저녁에 방문,음식이 맛있어요,36,1
37792177,Win38,이대혼밥성지그런데 맛도 좋은..🫶🏻,방문일,3번째 방문,저녁에 방문,음식이 맛있어요,1172,3
37792177,달콤한고로구마,"동남아 여행갔을 때 맛있게 먹었던 하이난 라이스를 한국에서도 맛볼 수 있다해서 찾아가 보았습니다. 자리가 많지 않은것도 있지만, 오픈하자마자 빠르게 만석이 되더군요. 다행히도 한자리 꿰차고 먹을 수 있었습니다. 부드럽게 익힌 닭고기와 닭육수 감칠맛 머금은 밥의 조화가 좋았어요. 동남아에서 먹었던 것이 아무래도 조미료 맛이 더 강했던 것 같고, 여기는 보다 슴슴했지만 충분히 맛있었습니다. 생각날 때마다 방문하겠습니다. 맛있게 잘 먹었습니다:)",방문일,1번째 방문,저녁에 방문,친절해요,179,1
37792177,eatdrinkandlove,너무 맛있어요 💚💚,방문일,2번째 방문,점심에 방문,음식이 맛있어요,466,2
37792177,우리문화,혼밥하기 좋아요,방문일,1번째 방문,점심에 방문,음식이 맛있어요,1288,1
37792177,한 놈만 팬다,염염긋,방문일,5번째 방문,점심에 방문,음식이 맛있어요,498,5
37792177,오잉08,고기가 부드러워요. 슴슴한데 계속 생각나는맛,방문일,1번째 방문,점심에 방문,음식이 맛있어요,174,1
37792177,한 놈만 팬다,yum,방문일,4번째 방문,점심에 방문,음식이 맛있어요,498,4
37792177,만두588,졸업하고 오랜만에 들렀는데 넘 좋았어요 또 갈거에요,방문일,1번째 방문,점심에 방문,음식이 맛있어요,31,1
37792177,With Respect,"깔끔하고 특색있어서 한번씩 생각나는 맛!웨이팅이 있고, 가게가 작지만 빠른 로테이션이 장점!",방문일,1번째 방문,저녁에 방문,현지 맛에 가까워요,235,1
37792177,JHK2,깔끔하고 맛있어요~,방문일,1번째 방문,저녁에 방문,인테리어가 멋져요,15,1
37792177,Win38,특자 먹으면 밤까지 배불러요얌얌굿😆,방문일,2번째 방문,점심에 방문,음식이 맛있어요,1172,2
37792177,이화파파,감사합니다 번창하세요,방문일,1번째 방문,점심에 방문,음식이 맛있어요,194,1
37792177,dha****,예전부터 너무 궁금했던 곳인데 회사 쉬는날 부지런히 왔네요 시간내서 충분히 먹으러 올만하네요 닭고기가 잡내없이 이렇게 부드럽다니요🥹부라타치즈 먹는듯 사르르 녹아내려요💯 마늘 자체도 간이 되어있어서 밥만 먹어도 맛있고 닭국물도 진하고 구수하니 넘 맛있습니다👍특사이즈 먹었더니 양이 정말 많고 저녁까지 든든하더라구요 단순한거 같지만 엄청난 내공이 있어야만 이런 맛이 나는거겠죠👍어제 먹고왔는데 또 생각나는 맛입니다 시간내서 또 갈래요🫶,방문일,1번째 방문,점심에 방문,친절해요,583,1
37792177,늭네임이뭐에요,정말 오랜만에 갔는데 여전히 맛있네요,방문일,5번째 방문,점심에 방문,친절해요,5499,5
37792177,J Honey,"까이식당 처음와봤어요. 자리는 좁아서 기다려야할수도있는데, 닭가슴살도 부드럽고 맛도 깔끔하고 맛있어요. 올수만 있다면 와보는거 추천해요",방문일,1번째 방문,저녁에 방문,음식이 맛있어요,428,1
37792177,gol****,맛있어요 건강한맛,방문일,1번째 방문,점심에 방문,재료가 신선해요,381,1
37792177,wlsdid,지난번에 첫방문하고 그뒤로 계속 생각나서 이곳에 오는날만을 기다렸어요! 집앞이면 정말 매일 먹었을텐데..ㅠㅡㅠ 여전히 맛있어요.. 중독성 강한 건강한 맛💕,방문일,2번째 방문,점심에 방문,혼밥하기 좋아요,73,2
37792177,s8655657,좋아요,방문일,1번째 방문,저녁에 방문,친절해요,231,1
37792177,잘먹고잘뛰는따뜻해,싱가폴식 치킨라이스 진짜 맛있네요. 고수를 꼭 추가해서 드세요!,방문일,1번째 방문,점심에 방문,혼밥하기 좋아요,1458,1
37792177,오리꽥꽥73,밥에 닭찌찌올린줄 알았는데그런 단순한 맛이 아닙니다🙌🙌,방문일,1번째 방문,점심에 방문,혼밥하기 좋아요,1270,1
37792177,티푸드,음식 정갈하고 맛있어요 질리지 않는 맛이에요. 혼밥하기 좋아요,방문일,1번째 방문,점심에 방문,음식이 맛있어요,85,1
37792177,닭 고기,"감칠맛 넘치고 담백하게 지어진 밥, 부드러우면서도 촉촉함을 잃지 않은 닭고기 어쩔 수 없이 설거지 대신 해드렸어요",방문일,1번째 방문,점심에 방문,매장이 청결해요,484,1
37792177,밥먹는펭귄아델리,이대생 소울푸드더 말이 필요없다 그냥 먹어라다만 웨이팅이 있는편이구(점심시간 피해가면 괜찮음) 가게가 작은편이라 3인이상이라면 비추천. 혼밥이라면? 완전추천! 육수랑 소스 샐러드는 요청하면 리필해주시니 충분히 맛있게 먹을수 있다~~,방문일,1번째 방문,점심에 방문,음식이 맛있어요,44,1
37792177,디스어트,,방문일,1번째 방문,저녁에 방문,혼밥하기 좋아요,885,1
37792177,wlsdid,"처음 가봤어요, 근데 먹고난 이후로 계속 생각나는 맛이예요 ㅠㅠ 또 먹고싶어요🥹😭 담백한 맛 좋아하는 저는 완전 빠져들었다는,,👍🏻",방문일,1번째 방문,점심에 방문,재료가 신선해요,73,1
37792177,Win38,촉촉짭짤꼬소왜 인기맛집인지 알겠어요,방문일,1번째 방문,저녁에 방문,혼밥하기 좋아요,1172,1
37792177,쥬쥬팍,생활의 달인 픽은 여러분을 배신하지 않습니다 큰 거 먹을 걸 후회했어요,방문일,1번째 방문,저녁에 방문,음식이 맛있어요,350,1
37792177,한 놈만 팬다,새내기 때부터 자주 갔는데 양이 점점 주는 기분...,방문일,3번째 방문,점심에 방문,친절해요,498,3
37792177,토끼139,매장이 작은게 너무 아쉽지만 진짜 맛있어요,방문일,1번째 방문,저녁에 방문,음식이 맛있어요,215,1
37792177,Joooooooioio,까이식당 너무 맛있어요! 한결같은 까이식당의맛👍🏻 최고예오,방문일,1번째 방문,저녁에 방문,음식이 맛있어요,60,1
37792177,mul****,닭가슴살덮밥 무난해요,방문일,1번째 방문,점심에 방문,음식이 맛있어요,711,1
37792177,효니나노,싸고 맛이씀,방문일,1번째 방문,점심에 방문,현지 맛에 가까워요,27,1
37792177,흐르는 강물처럼36,"이대 대강당에서 공연한 서울시향의 콘서트 관람하기 전에 들린 까이식당의 치킨라이스(특)는 논현동의 모 식당 치킨라이스 보다  나은 듯. 오래전 태국 메싸이의 뱀부하우스에서 접한 촉촉하고, 고소한 풍미가 짙은 치킨라이스에는 조금 부족한 것 같다. (조리법 차이도 있겠지만,  양계장 닭과 시골에서 방목한 닭의 차이도 있었으리라 생각됨)단순한 리듬이지만, 피아노시모에서 포르테시모로 증강되는 라벨의 '볼레로'는 방음이 안된 아파트에서 제대로 들을 수 없는 곡인데, 오늘 서울시향 덕분에 귀가 호강~",방문일,1번째 방문,저녁에 방문,혼밥하기 좋아요,2034,1
12047074,SUBaK,채소 한가득 주시고 육수도 둘다 너무 맛있었어요! 매콤한 국물은 처음 먹어보는거였는데 꽤 칼칼하더라구요사진은 못 찍었지만 죽도 꼭 드세요 안먹었으면 아쉬웠을 정도로 죽이 진짜 맛있었어요ㅜㅜ,방문일,2번째 방문,"저녁에 방문, 예약 없이 이용, 대기 시간 10분 이내, 친목, 일상, 친구",음식이 맛있어요,1230,2
12047074,74d****,딸하고 맛있게 잘먹었습니다,방문일,1번째 방문,"점심에 방문, 예약 없이 이용, 대기 시간 10분 이내, 데이트, 아이",음식이 맛있어요,1316,1
12047074,김광용1,샤브샤브가 생각날땐 어바웃샤브로 갈거같아요전반적으로 친절하고 맛있는 집이었습니다가격대도 아주 준수합니다^^,방문일,1번째 방문,"점심에 방문, 예약 없이 이용, 대기 시간 바로 입장, 데이트, 나들이, 연인・배우자",음식이 맛있어요,16,1
12047074,yeen86,레트로한 느낌의 인테리어와 맛있는 샤브.. ♡ 종종 이용할게요 :),방문일,1번째 방문,"저녁에 방문, 예약 없이 이용, 대기 시간 바로 입장, 친목, 친구",음식이 맛있어요,1178,1
12047074,볼빵빵햄수터,"자주 가는 샤브샤브 맛집이에요!! 다른 1인샤브 가게에 비해 양이 많아서 좋아요🤍육수 반반으로도 할 수 있고(가쓰오,해물,매콤) 하나로만 할 수도 있어요ㅎㅎ가쓰오 육수에 소고기 샤브 강추해요 지난번에는 새우도 넣어서 먹었는데 맛났어요😋",방문일,2번째 방문,"저녁에 방문, 예약 없이 이용, 대기 시간 바로 입장, 일상, 친구",음식이 맛있어요,176,2
12047074,헬리오트로프,,방문일,1번째 방문,"저녁에 방문, 예약 없이 이용, 대기 시간 바로 입장, 일상, 친척・형제",친절해요,348,1
12047074,눕치린,가성비 좋아요,방문일,1번째 방문,저녁에 방문,양이 많아요,1181,1
12047074,wsw****,좋아요,방문일,1번째 방문,"저녁에 방문, 예약 없이 이용, 대기 시간 바로 입장, 일상, 연인・배우자",재료가 신선해요,1739,1
12047074,cher1sh,"❥ 소고기 샤브세트 (13,000원 x 3인분)°.✩┈┈∘*┈┈*∘┈┈✩.°❥ 매운걸 못 먹어서 해물육수, 가츠오육수 반반으로 먹었어요! 둘 다 정말 맛있었어요 ~❥ 시설이 많이 낡고 화장실도 공용이고 비누가 없는 점이 불편하긴 하지만, 맛있어서 다시 가게 되네요 ㅎㅎ ❥ 샤브샤브 다 먹고 칼국수 먹고, 마지막으로 죽 1인분 추가해서 먹고 왔습니다 ~!",방문일,1번째 방문,"저녁에 방문, 예약 없이 이용, 대기 시간 바로 입장, 친목, 친구",음식이 맛있어요,42,1
12047074,젬마리75,식재료도 좋았고 맛있어요.알바분들의 공손한 접객도 좋았습니다.에뿔입니다.,방문일,1번째 방문,"저녁에 방문, 예약 없이 이용, 대기 시간 바로 입장, 친목, 친구",음식이 맛있어요,454,1
12047074,이승현10,"이화여대 앞, 제일 자주가는 샤브샤브집입니다! 샤브샤브 고기 양이 진짜 많아서 배부르게 먹을 수 있고 육수도 두 가지 맛을 고를 수 있어서 좋습니다! 매콤한 육수와 보통 육수 반반 해서 먹을 수 있어요~! 볶음밥도 맛이 독특하고 맛있어요!",방문일,1번째 방문,"점심에 방문, 예약 없이 이용, 대기 시간 바로 입장, 일상, 친구",음식이 맛있어요,39,1
12047074,Jiwiii,주중엔 대기가 너무 많아서 먹기가 힘든데 주말엔 사람이 없어서 좋아요 :),방문일,1번째 방문,"저녁에 방문, 예약 없이 이용, 대기 시간 바로 입장",음식이 맛있어요,321,1
12047074,hyun히,점심 시간에도 사람 꽉꽉 차는 곳!!! 친절한 직원분들과 깨끗하고 맛있는 음식 덕분에 기분 좋은 한끼였습니다💓💓,방문일,1번째 방문,"점심에 방문, 예약 없이 이용, 대기 시간 바로 입장, 일상, 친구, 지인・동료",음식이 맛있어요,190,1
12047074,클레시오,굿,방문일,1번째 방문,"점심에 방문, 예약 없이 이용, 대기 시간 바로 입장, 일상, 친구",음식이 맛있어요,741,1
12047074,bluxxrry,맛있어요:),방문일,2번째 방문,"점심에 방문, 예약 없이 이용, 대기 시간 바로 입장, 친목, 친구",음식이 맛있어요,61,2
12047074,우럭이우러럭,,방문일,1번째 방문,"저녁에 방문, 예약 없이 이용, 대기 시간 바로 입장, 친구",음식이 맛있어요,747,1
12047074,Pits,소화가 안되서 배는 안고픈데 친구는 왔길래 생각난게 샤브 ㅎㅎ ㅓㅜㅑ 넘 좋은 선택이었다능,방문일,1번째 방문,"저녁에 방문, 예약 없이 이용, 대기 시간 바로 입장, 일상, 친구",음식이 맛있어요,2884,1
12047074,SUBaK,"궁금해서 가츠오육수, 해물육수 반반으로 먹어봤는데 저어는 좀 막입이라그런가(ㅋㅋㅋ..) 큰 차이는 잘 못 느꼈어요!! 둘다 맛있었다는 뜻입니다 😊😋😋야채랑 고기가 양이 많아서 배불리 잘 먹었어요! 칼국수 면도 너무 맛있어요",방문일,1번째 방문,"저녁에 방문, 예약 없이 이용, 대기 시간 바로 입장, 친목, 친구",음식이 맛있어요,1230,1
12047074,bluey1,.,방문일,1번째 방문,"저녁에 방문, 예약 없이 이용, 대기 시간 바로 입장",음식이 맛있어요,228,1
12047074,쿭크닳스,굳,방문일,1번째 방문,"저녁에 방문, 예약 없이 이용, 대기 시간 바로 입장, 친목, 친구",음식이 맛있어요,955,1
12047074,cbg****,오랜만에 샤브샤브 맛있게 잘 먹었어요.양도 많고 맛도 굿!,방문일,1번째 방문,"저녁에 방문, 예약 없이 이용, 대기 시간 바로 입장, 일상, 친구",음식이 맛있어요,88,1
12047074,Z만두,10년 넘게 자리를 지켜온 이대점. 사람도 항상 많아요. 운 좋으면 주차도 가능.(3대 까지 가능),방문일,2번째 방문,"저녁에 방문, 예약 없이 이용, 대기 시간 바로 입장, 일상, 연인・배우자, 아이",음식이 맛있어요,330,2
12047074,조이맘10,인테리어가 90년댜 스타일이에요 양은 마니 줘요맛은 평범해요,방문일,1번째 방문,"점심에 방문, 예약 후 이용, 대기 시간 바로 입장, 일상, 지인・동료",음식이 맛있어요,160,1
12047074,Tacoloco,요즘같이 추운 날 따뜻한 샤브샤브 먹기 좋은곳이에요.육수를 두개 놓고 먹을수있어서 좋고 매운 육수는 생각보단 매웠는데 얼큰한정도라 딱 좋았어요.고기랑 야채 다 먹고 칼국수면까지 잘 먹었네요.,방문일,1번째 방문,"점심에 방문, 예약 없이 이용, 대기 시간 바로 입장, 데이트, 친목, 일상, 연인・배우자, 친구, 지인・동료",음식이 맛있어요,114,1
12047074,Z만두,사람도 많고 맛있어요.,방문일,1번째 방문,"저녁에 방문, 예약 없이 이용, 대기 시간 바로 입장, 일상, 아이",음식이 맛있어요,330,1
12047074,eun****,"이대 갔다가 저녁식사 하러 방문했습니다. 저희는 바로 입장했는데 곧 매장이 가득 차서 웨이팅 조금씩 있는 것 같았어요. 매운육수, 해물육수 주문해서 먹었는데 채소가 신선했고, 칼국수까지 끓여먹으니 배가 아주 불렀답니다.",방문일,1번째 방문,"저녁에 방문, 예약 없이 이용, 대기 시간 바로 입장, 일상",음식이 맛있어요,381,1
12047074,뚱이맘65,샤브샤브 맛있어요,방문일,5번째 방문,"저녁에 방문, 예약 없이 이용, 대기 시간 바로 입장, 가족모임, 아이",음식이 맛있어요,2100,5
12047074,se eun52,,방문일,1번째 방문,"저녁에 방문, 예약 없이 이용, 대기 시간 바로 입장, 친목, 지인・동료",음식이 맛있어요,438,1
12047074,ong490,양많고 맛나요,방문일,1번째 방문,"점심에 방문, 예약 없이 이용, 대기 시간 바로 입장, 일상, 친구",음식이 맛있어요,899,1
12047074,대학원생의 솔직한 리뷰,양많고 맛있어요! 추천,방문일,1번째 방문,"저녁에 방문, 예약 없이 이용, 대기 시간 바로 입장, 데이트, 연인・배우자",음식이 맛있어요,305,1
12047074,포포웅니,요즘같은 날씨에 딱~jmt,방문일,1번째 방문,점심에 방문,음식이 맛있어요,235,1
12047074,soriyam,양많아욤,방문일,1번째 방문,밤에 방문,음식이 맛있어요,92,1
12047074,bingle98,죽까지 먹었는데 너무 맛있었어요!!,방문일,1번째 방문,저녁에 방문,음식이 맛있어요,145,1
12047074,히릿4,오랜만에갔는데 여전히맛있네요,방문일,3번째 방문,점심에 방문,음식이 맛있어요,460,3
12047074,백혈현누,좋아요,방문일,1번째 방문,저녁에 방문,양이 많아요,3093,1
12047074,여유와자유,이대의 오래된 샤브샤브집이에요양 많고 맛있어서 사람들 많아요 만족합니다,방문일,1번째 방문,점심에 방문,음식이 맛있어요,132,1
12047074,토마토9295,굿,방문일,2번째 방문,점심에 방문,음식이 맛있어요,2892,2
12047074,샴비,맛있어욥,방문일,1번째 방문,점심에 방문,음식이 맛있어요,1860,1
12047074,dls2725,맛있어요,방문일,2번째 방문,저녁에 방문,재료가 신선해요,428,2
12047074,이민서7991,,방문일,1번째 방문,점심에 방문,가성비가 좋아요,228,1
12047074,행복한보거스,육수 2가지 선택해서 먹을수 있어서 좋았어요매운육수는 진짜 매콤하니 매운거 못드시는분들은 다른 육수 드시는게 좋을것같아요해물육수가 딱 제 입맛에 맞더라구요👍마지막에 칼국수까지 넣어서 먹었는데 정말 맛있었고 배부르게 잘 먹었습니다 😄,방문일,1번째 방문,점심에 방문,친절해요,297,1
12047074,토마토9295,굿,방문일,1번째 방문,저녁에 방문,음식이 맛있어요,2892,1
12047074,011092,맛나요,방문일,1번째 방문,저녁에 방문,음식이 맛있어요,345,1
12047074,오잉08,맛있어요!,방문일,2번째 방문,저녁에 방문,음식이 맛있어요,174,2
12047074,체리블라썸8899,좋아요,방문일,1번째 방문,점심에 방문,가성비가 좋아요,432,1
12047074,brownn,자주 가는 곳입니다. 맛 좋아요,방문일,1번째 방문,점심에 방문,대화하기 좋아요,156,1
12047074,두아이아빠는,아이와 함께 가기 좋네요,방문일,1번째 방문,저녁에 방문,단체모임 하기 좋아요,880,1
12047074,민성636,,방문일,1번째 방문,저녁에 방문,주차하기 편해요,287,1
12047074,헤이데이29,샤브샤브집 중에 칼국수 사리가 너무 딱딱해서 아무리 끓여도 퍼지지 않는 집이 있는데 여기는 아니다. 퍼진 칼국수 좋아하는 사람 여기로!,방문일,1번째 방문,저녁에 방문,음식이 맛있어요,1142,1
12047074,꿈이있당,굿,방문일,6번째 방문,저녁에 방문,음식이 맛있어요,2043,6
12047074,회원19,어바웃 샤브 진짜 자주 가요 소스가 맛있어서 좋아요,방문일,1번째 방문,저녁에 방문,음식이 맛있어요,38,1
12047074,냥리버스터,처음 가봤는데 맛있었어요!친구들이랑 점심 먹기 좋아요,방문일,1번째 방문,점심에 방문,음식이 맛있어요,79,1
12047074,삼다수379,오랜만,방문일,1번째 방문,점심에 방문,매장이 넓어요,1009,1
12047074,윤도온,가성비가 엄청 난 것 같음 맛도 있는 편 양 많음,방문일,1번째 방문,저녁에 방문,재료가 신선해요,451,1
12047074,맛과 재미를 찾아 떠나는 커밋,양이 많고 맛있어요! 가쓰오 육수 추천합니다:),방문일,1번째 방문,점심에 방문,가성비가 좋아요,419,1
12047074,땅끝도로시,사진 찍는 걸 까먹을 정도로 호로록 먹었습니다,방문일,1번째 방문,점심에 방문,양이 많아요,41,1
12047074,티타늄디옥사이드,맛있고 런치메뉴 가성비가 아주 좋아요!!,방문일,1번째 방문,점심에 방문,재료가 신선해요,207,1
12047074,루이59,좋아요,방문일,1번째 방문,저녁에 방문,,1020,1
12047074,위블리43,가성비 좋고 겉은 허름하지만 맛있었어요!오랜만에 추억의 샤브샤브 즐기고왔네요,방문일,1번째 방문,저녁에 방문,재료가 신선해요,597,1
12047074,호일우,맛있는데 알바생이 너무너무 불친절해서 식사 내내 불쾌하고 짜증났어요. “👉샛노란 탈색머리 여자 알바생👈뭐가 불만인지 모르겠는데 뭐가 그리 띠껍고 고까운지 자리 앉을때부터 메뉴 주문할때도 꼽주는 말투. ^^ 너무너무 재수 없어서 화날 정도!!노란머리 알바생!!그렇게 일하기 싫으면 그만두세요~~내돈 내고 눈치 보며 식사하고 기분 나빠지고 싶으면 적극 추천합니다 ^^!!!,방문일,1번째 방문,점심에 방문,,17,1
12047074,hye****,"이대에 오래된 식당인데 처음 가봤어요~오랜기간 유지한 이유가 있네요~수제왕만두랑 한우샤브샤브랑 매운육수,가츠오육수 먹었어요~다음엔 가츠오랑 해물시켜서 해물추가해서 먹어보려구요가성비 아주 좋아요~고기는 좀 더 크게 잘라먹으면 더 맛있을 것 같아요☺️",방문일,1번째 방문,저녁에 방문,가성비가 좋아요,326,1
12047074,오잉08,,방문일,1번째 방문,저녁에 방문,음식이 맛있어요,174,1
12047074,smail26,양도 많고 ~~ 항상 깔끔한곳.가성비 짱,방문일,1번째 방문,저녁에 방문,가성비가 좋아요,205,1
12047074,토리0726,"이제껏 먹어본 샤브샤브 중에 제일 맛있었어요,,육수는 해물이랑 매운 육수인데 저는 해물이 넘엄ㄴ먼머너머누머너뭄 제 스타일이에요! 다 익은 고기랑 야채를 소스에 듬뿍 찍어먹으면 몸이 스르르르륵 녹아버려요ㅠ🫶",방문일,1번째 방문,저녁에 방문,재료가 신선해요,62,1
12047074,닥또랑,그,방문일,1번째 방문,저녁에 방문,,1058,1
12047074,jas****,맛있어요 이대 앞 샤브샤브 맛집!,방문일,2번째 방문,저녁에 방문,가성비가 좋아요,1226,2
12047074,zookim10,너무너무 맛있어요!! 이대앞 맛집이네요,방문일,1번째 방문,저녁에 방문,친절해요,1447,1
12047074,LLLS2,맛은 있는데 국물이 좀 짜요ㅎㅎ,방문일,1번째 방문,저녁에 방문,친절해요,4238,1
12047074,qwert726,첫방문인데 맛있어요,방문일,1번째 방문,점심에 방문,음식이 맛있어요,301,1
12047074,Giselle32,가성비 좋은 이대 샤브샤브 터줏대감집이에요 오랜만에 갔는데도 양이 여전히 푸짐하고 가격도 착해서 기분 좋게 먹고 왔습니다,방문일,1번째 방문,저녁에 방문,매장이 넓어요,183,1
12047074,appleofyoureyeee,존맛,방문일,1번째 방문,점심에 방문,혼밥하기 좋아요,654,1
12047074,sh201405,굿,방문일,1번째 방문,저녁에 방문,친절해요,939,1
12047074,쏘7698,친절하시고 너무 맛있고 양도 많아요,방문일,1번째 방문,저녁에 방문,매장이 넓어요,624,1
12047074,또잉379,채소 푸짐하게 주셔서 좋아요 ㅜㅜ,방문일,1번째 방문,점심에 방문,재료가 신선해요,313,1
12047074,SiNa,제 원픽 샤브샤브집. 멀리 있어서 자주 못가는게 아쉽네요 ㅠㅠ,방문일,4번째 방문,저녁에 방문,매장이 넓어요,2306,4
12047074,조콩34,맛있어요,방문일,1번째 방문,저녁에 방문,가성비가 좋아요,415,1
12047074,JH5428,알바생이 냄비 근처에 그릇 두면 불난다면서(고기 아직 넣지도 않은 때라 그 분이 두고 간 그대로였음) 본인이 치우면서 먹을거 흘리고 갔는데도 사과 한마디 없음.,방문일,1번째 방문,저녁에 방문,,24,1
12047074,순50,,방문일,1번째 방문,점심에 방문,음식이 맛있어요,62,1
12047074,san****,뜨끈한 국물 맛있어요 먹다보면 배부름ㅋㅋㅋ,방문일,1번째 방문,점심에 방문,음식이 맛있어요,106,1
12047074,서연맘21,샤브샤브 괜찮습니다 ~,방문일,3번째 방문,점심에 방문,양이 많아요,262,3
12047074,kar****,좋아요,방문일,1번째 방문,저녁에 방문,혼밥하기 좋아요,78,1
12047074,호호아줌마36,맛도 좋고 가격도 좋아요ᆢ강추!!!,방문일,1번째 방문,점심에 방문,가성비가 좋아요,841,1
12047074,비홍쓰,어바웃샤브 짱맛임 추울 때 먹거나 해장할 때 짱임 살짝 웨이팅 있을 수도 있습니닷,방문일,1번째 방문,저녁에 방문,재료가 신선해요,251,1
12047074,행복6391,맛있어요,방문일,2번째 방문,저녁에 방문,특별한 메뉴가 있어요,160,2
12047074,xoo****,맛있어요,방문일,1번째 방문,저녁에 방문,매장이 넓어요,99,1
12047074,참새25,육수맛이 넘 좋아요,방문일,1번째 방문,저녁에 방문,음식이 맛있어요,48,1
12047074,밥집 탐방가,국물이 깔끔하고 맛있네요,방문일,1번째 방문,저녁에 방문,음식이 맛있어요,1030,1
12047074,또용24,날이 추워질 때 가끔씩 생각나는 곳. 야채를 한가득 주시고 고기 양도 다른곳에 비해 넉넉한 편입니다,방문일,1번째 방문,저녁에 방문,가성비가 좋아요,25,1
12047074,독s백탈22,양도 많고 진짜 진짜 맛잇어요!!새우딤섬피도 쫄깃쫄해용,방문일,1번째 방문,점심에 방문,친절해요,140,1
12047074,골드키위새,너무 맛있어요,방문일,1번째 방문,저녁에 방문,가성비가 좋아요,818,1
12047074,wndwjs100364,갈때마다 후회없는 맛집이예요,방문일,2번째 방문,점심에 방문,특별한 날 가기 좋아요,64,2
12047074,hav****,맛있어요,방문일,1번째 방문,점심에 방문,가성비가 좋아요,687,1
12047074,서연맘21,맛있습니다 ~,방문일,2번째 방문,점심에 방문,음식이 맛있어요,262,2
12047074,bukgu,굿,방문일,2번째 방문,점심에 방문,양이 많아요,208,2
12047074,YJ7532,좋아요,방문일,1번째 방문,점심에 방문,가성비가 좋아요,265,1
12047074,내돈내산소올찍,맛있게 잘 먹었습니다,방문일,1번째 방문,점심에 방문,친절해요,680,1
12047074,dls2725,맛잇어요!,방문일,1번째 방문,저녁에 방문,음식이 맛있어요,428,1
12047074,꿈이있당,굿,방문일,5번째 방문,저녁에 방문,음식이 맛있어요,2043,5
12047074,행복6391,맛있어요 :),방문일,1번째 방문,점심에 방문,재료가 신선해요,160,1
12047074,swi****,굿굿,방문일,1번째 방문,저녁에 방문,친절해요,21,1
1385509809,kan****,일식이 너무 먹고 싶어서 검색하다가 찾아온 다이코쿠야 ✨✨ 이대 맛집이라는 소문 듣고 찾아왔어요 들어왔더니 넘나 많은 메뉴에 허걱 근데 맛은 또 기가 막혀요 스테이크동은 부드럽고 육질이 너무 좋더라고요 그리고 매콤크림우동나베는 살짝 매콤한 느낌에 크림과 명란 조합이라 굿굿 다들 다이코쿠야 한번 방문해보세용 ~~,방문일,1번째 방문,"저녁에 방문, 예약 없이 이용, 대기 시간 바로 입장, 데이트, 친구",친절해요,21,1
1385509809,006289,맛있어요친절해요,방문일,1번째 방문,"점심에 방문, 예약 없이 이용, 대기 시간 바로 입장, 친목, 친구",음식이 맛있어요,16,1
1385509809,BbangSoon,맛있고 가격도 합리적이에요~,방문일,1번째 방문,"저녁에 방문, 예약 없이 이용, 대기 시간 바로 입장, 친목, 친구",음식이 맛있어요,11,1
1385509809,조은2062,저번에 먹었던 맛이 그리워서 오랜만에 방문했습니다점심 피크타임에 가 사람이 많았지만 직원분들 모두 친절하세요 감사합니다!,방문일,1번째 방문,"점심에 방문, 예약 없이 이용, 대기 시간 바로 입장, 일상, 혼자",음식이 맛있어요,19,1
1385509809,조죠디,이대 근처에 규카츠집 없었는데 생겨서 좋아용,방문일,2번째 방문,"저녁에 방문, 예약 없이 이용, 대기 시간 바로 입장",양이 많아요,56,2
1385509809,류은서6,"매장도 넓고 깨끗하고, 음식도 깔끔하게 잘 나와서 좋아요!",방문일,1번째 방문,"저녁에 방문, 예약 없이 이용, 대기 시간 바로 입장, 친목, 친척・형제",인테리어가 멋져요,11,1
1385509809,Saikowolfpack75,음식이 맜있습니다!,방문일,1번째 방문,"점심에 방문, 예약 없이 이용, 대기 시간 바로 입장, 일상, 혼자",음식이 맛있어요,37,1
1385509809,suk****,처음 와봤는데 분위기도 좋고 맛도 좋아요.,방문일,1번째 방문,"점심에 방문, 예약 없이 이용, 대기 시간 바로 입장, 데이트, 연인・배우자",음식이 맛있어요,27,1
1385509809,dea****,맛있고직원들 친절해요~,방문일,1번째 방문,점심에 방문,음식이 맛있어요,13,1
1385509809,ㅡ37,맛있게 잘 먹었어요~ 인테리어도 예뻐요^^,방문일,1번째 방문,"점심에 방문, 예약 없이 이용, 대기 시간 바로 입장, 데이트, 연인・배우자",음식이 맛있어요,24,1
1385509809,truccess2021,고기도 맛있고 깔끔해용,방문일,1번째 방문,"점심에 방문, 예약 없이 이용, 대기 시간 바로 입장, 데이트, 연인・배우자",차분한 분위기에요,17,1
1385509809,kim****,음식이 너무 맛있어요 ㅎㅎ가격대 좀 있고 식당 깨끗해서 데이트나 밥약 하기 좋을 것 같아요☺️두번째 방문인데 이대 캠투 온 친구 소개시켜줄 맛집으로 데려왔습니다!,방문일,1번째 방문,"저녁에 방문, 예약 없이 이용, 대기 시간 바로 입장, 데이트, 친목, 친구",음식이 맛있어요,7,1
1385509809,회원,따뜻하고 맛있어요 !감사히 잘 먹었습니다.,방문일,1번째 방문,"저녁에 방문, 예약 없이 이용, 대기 시간 바로 입장, 비즈니스, 지인・동료",음식이 맛있어요,1,1
1385509809,9se****,매장 분위기도 좋고 혼밥하기도 좋네요!자주 올 것 같아요,방문일,1번째 방문,"점심에 방문, 예약 없이 이용, 대기 시간 바로 입장, 일상, 혼자",혼밥하기 좋아요,15,1
1385509809,유7141,규카츠 먹기 좋은 집입니다!,방문일,1번째 방문,"점심에 방문, 예약 없이 이용, 대기 시간 바로 입장, 일상, 혼자",음식이 맛있어요,3,1
1385509809,은3924,매장도 깨끗하고 너무 맛있어요! 김치나베맛집을찾앗어요!,방문일,1번째 방문,"저녁에 방문, 예약 없이 이용, 대기 시간 바로 입장, 데이트, 연인・배우자",매장이 청결해요,20,1
1385509809,무덕뮤무,,방문일,1번째 방문,"저녁에 방문, 예약 없이 이용, 대기 시간 10분 이내, 친목, 친구",음식이 맛있어요,3,1
1385509809,박지원2386,너무 맛있어요 최고,방문일,1번째 방문,"점심에 방문, 예약 없이 이용, 대기 시간 바로 입장, 친목, 친구",인테리어가 멋져요,21,1
1385509809,화양,신호등크림나베가 유명하다구 하는데 맛있어보여욤,방문일,1번째 방문,"점심에 방문, 예약 없이 이용, 대기 시간 바로 입장, 친목, 친구",메뉴 구성이 알차요,26,1
1385509809,an9****,너무 맛있어요.. 평일에 방문했더니 웨이팅없이 입장했어요!!! 식전주? 주시는데 너무 달달하니 딱 입맛 돋꿔주더라구용 분위기도 너무 좋고.. 추천합니당,방문일,1번째 방문,"점심에 방문, 예약 없이 이용, 대기 시간 바로 입장, 친목, 친구",음식이 맛있어요,3,1
1385509809,용가리6728,분위기가 좋고 맛있어요~,방문일,1번째 방문,"점심에 방문, 예약 없이 이용, 대기 시간 바로 입장, 친목, 친구",음식이 맛있어요,16,1
1385509809,깅고응,분위기도 너무좋고 맛있는 메뉴가 많아요!,방문일,1번째 방문,"저녁에 방문, 예약 없이 이용, 대기 시간 바로 입장, 친목, 친구",음식이 맛있어요,35,1
1385509809,rlqls,너무 맛있게 잘 먹고 갑니다~ 또 올게요!!,방문일,1번째 방문,"저녁에 방문, 예약 없이 이용, 대기 시간 바로 입장, 데이트, 연인・배우자",음식이 맛있어요,128,1
1385509809,룰루랄라577,회사 점심으로 오는데 맛있어요,방문일,1번째 방문,"점심에 방문, 예약 없이 이용, 대기 시간 바로 입장, 친목, 지인・동료",음식이 맛있어요,85,1
1385509809,지현6244,,방문일,2번째 방문,"저녁에 방문, 예약 없이 이용, 대기 시간 바로 입장, 혼자",혼밥하기 좋아요,15,2
1385509809,얀49,맛있어요~! 이대랑 가까워서 밥 먹기 좋아요~!,방문일,1번째 방문,"점심에 방문, 예약 없이 이용, 대기 시간 바로 입장, 친목, 친구",매장이 청결해요,4,1
1385509809,야미하게,맛있고 분위기 좋고 친절해요!! 이대맛집!,방문일,1번째 방문,"점심에 방문, 예약 없이 이용, 대기 시간 바로 입장, 친목, 친구",음식이 맛있어요,26,1
1385509809,eumyejin200081,이대 앞 특별한 메뉴가 있는 일식집이에요! 따끈하고 맛있는 일식 먹고싶을 때 꼭 오세용!!,방문일,1번째 방문,"점심에 방문, 예약 없이 이용, 대기 시간 바로 입장, 친목, 친구",음식이 맛있어요,35,1
1385509809,arionrufe,규카츠 먹으러 찾아왔어요~~ 처음 방문했는데 너무 맛있네요 다음 번에 이대쪽 오면 또 올 것 같아요 잘 먹고 갑니다.,방문일,1번째 방문,"저녁에 방문, 예약 없이 이용, 대기 시간 바로 입장, 데이트, 연인・배우자",음식이 맛있어요,17,1
1385509809,zkrjd666,마제소바랑 돈까스 메뉴 먹었는데 돈까스가 진짜 맛있어요 !!! 식전에 주는 복분자오미자 주스도 너무 맛있구 다음에 기회가 된다면 또 오고 싶어용,방문일,1번째 방문,"점심에 방문, 예약 없이 이용, 대기 시간 바로 입장, 친목, 친구",음식이 맛있어요,18,1
1385509809,이수연728,너무맛있어요 회도 맛나고 고기도 맛나요!!!,방문일,1번째 방문,"점심에 방문, 예약 없이 이용, 대기 시간 바로 입장, 일상, 친구",음식이 맛있어요,33,1
1385509809,dan****,추천 메뉴 선택해서 먹었는데 구성이 알차고 맛있어요! 직원분들도 친절하고 혼밥하기 좋은곳인것 같아요.,방문일,1번째 방문,"점심에 방문, 예약 없이 이용, 대기 시간 바로 입장, 일상, 혼자",음식이 맛있어요,13,1
1385509809,Gony0803,맛있어요,방문일,1번째 방문,"저녁에 방문, 예약 없이 이용, 대기 시간 바로 입장, 데이트, 연인・배우자",음식이 맛있어요,17,1
1385509809,힛29,규카츠 잘 먹겠습니다 분위기가 좋아요,방문일,1번째 방문,"저녁에 방문, 예약 없이 이용, 대기 시간 바로 입장, 친목, 친구",인테리어가 멋져요,518,1
1385509809,김은성10,완전 맛있어요. 두번째 오는데 여전히 맛있네용,방문일,1번째 방문,"저녁에 방문, 예약 없이 이용, 대기 시간 바로 입장, 친목, 친구",음식이 맛있어요,5,1
1385509809,무우우우민,맛있어요~~ 양도 많고 다음에 또 올게요!!,방문일,1번째 방문,"저녁에 방문, 예약 없이 이용, 대기 시간 바로 입장, 데이트, 친구",음식이 맛있어요,11,1
1385509809,HeROine,크림우동나베 맛있어보여서 방문했는데 인테리어도 귀엽고 맛있습니자!!!,방문일,1번째 방문,"점심에 방문, 예약 없이 이용, 대기 시간 바로 입장, 일상, 혼자",음식이 맛있어요,6,1
1385509809,rai****,너무너무 맛있고 다시 오고싶어요 !! 🩷🩷,방문일,1번째 방문,점심에 방문,음식이 맛있어요,2,1
1385509809,데굴데굴굴러가는쨩돌,이대 근처에 이런 일식집 생겨서 너무 좋아요!! 규카츠랑 스테이크 중에 고민하다가 스테이크 시켰는데 너무 맛있네요...🩷 계란말이도 너무 맛있어요!!,방문일,1번째 방문,"저녁에 방문, 예약 없이 이용, 대기 시간 바로 입장, 데이트, 연인・배우자",음식이 맛있어요,58,1
1385509809,공서현419,학교 근처에 생겨서 너무 와보고 싶었는데 맛있네요😼 낙엽스테키동도 맛있다고 합니다~,방문일,1번째 방문,"저녁에 방문, 예약 없이 이용, 대기 시간 바로 입장, 데이트, 연인・배우자",인테리어가 멋져요,3,1
1385509809,김정원3144,감태가 싫어서 빼고 요청 드렸는데 잘 받아주셔서 정말 좋았어요! 아늑한 구석에 1인석이 있어서 혼밥하기도 좋고 무엇보다 음식이 맛있어서 정말 추천입니다🩷,방문일,2번째 방문,"저녁에 방문, 예약 없이 이용, 대기 시간 바로 입장, 일상, 혼자",친절해요,15,2
1385509809,훌랄라라라라로,너무 맛있어욤!ㅠㅠㅠ  앞으로 자주 올 것 같아욤!!,방문일,1번째 방문,"저녁에 방문, 예약 없이 이용, 대기 시간 바로 입장, 데이트, 친구",음식이 맛있어요,12,1
1385509809,kju****,,방문일,1번째 방문,"저녁에 방문, 예약 없이 이용, 대기 시간 바로 입장, 일상, 혼자",매장이 넓어요,9,1
1385509809,Gigbvezl13,너무맛있어서 정신없이 먹었습니다.부모님도 좋아하시네요 대박나세요 ㅎㅎ,방문일,1번째 방문,"저녁에 방문, 예약 없이 이용, 대기 시간 바로 입장, 가족모임, 부모님",특별한 메뉴가 있어요,44,1
1385509809,kim****,혼밥하기 좋습니다. 학교 근처에 생긴 규카츠 너무 좋네요!,방문일,1번째 방문,저녁에 방문,음식이 맛있어요,26,1
1385509809,rihyee,가게 분위기도 좋고 음식도 맛있어요또 올게요!,방문일,1번째 방문,"점심에 방문, 예약 없이 이용, 대기 시간 바로 입장, 혼자",혼밥하기 좋아요,7,1
1385509809,예린8462,맛있다는 소문 듣고 왔는데 깔끔하고 좋아요,방문일,2번째 방문,"점심에 방문, 예약 없이 이용, 대기 시간 30분 이내, 친목, 친구",친절해요,16,2
1385509809,ken****,맛있어요!!!,방문일,1번째 방문,"점심에 방문, 예약 없이 이용, 대기 시간 10분 이내, 친목, 친구",음식이 맛있어요,9,1
1385509809,npr****,,방문일,1번째 방문,"점심에 방문, 예약 없이 이용, 대기 시간 바로 입장, 일상, 지인・동료",인테리어가 멋져요,10,1
1385509809,moo****,친구들이랑 밥약하기 좋은곳 ㅎㅎ맛도좋고 분위기도 좋아서 자주 올것같습니다!!!!,방문일,1번째 방문,"점심에 방문, 예약 없이 이용, 대기 시간 바로 입장, 친목, 친구",음식이 맛있어요,12,1
1385509809,ydy****,직원분이 되게 친절하시고 너무 맛있었어요!! 다시 올 의향 100%,방문일,1번째 방문,"점심에 방문, 예약 없이 이용, 대기 시간 바로 입장, 친목, 친구",친절해요,9,1
1385509809,권순재8,너무 맛있어서 찍기전에 먼저먹어버렸어요 ㅠ,방문일,1번째 방문,"저녁에 방문, 예약 없이 이용, 대기 시간 바로 입장, 데이트, 연인・배우자",음식이 맛있어요,12,1
1385509809,이제이2957,"고기가 부드럽고 소스, 밥과 조화가 좋습니다^^ 느끼하지 않고 맛있어요~",방문일,1번째 방문,"저녁에 방문, 예약 없이 이용, 대기 시간 바로 입장, 친목, 친구",음식이 맛있어요,10,1
1385509809,kid****,정말 푸짐하고 맛있습니다 ~~~,방문일,1번째 방문,"저녁에 방문, 예약 없이 이용, 대기 시간 바로 입장, 친목, 친구",음식이 맛있어요,9,1
1385509809,치얼업파파,처음 왔는데 메뉴 구성이 알차고 가성비가 좋고 크림우동이 느끼하지 않고 매콤해서 맛있었어요!다음에는 규카츠 먹으러 오겠습니다ㅎㅎ,방문일,1번째 방문,"저녁에 방문, 예약 없이 이용, 대기 시간 10분 이내, 일상, 혼자",가성비가 좋아요,4,1
1385509809,JJ4731,"메뉴 구성이 좋고, 맛도 있습니다!! 그리고 혼밥하기 좋고, 매장도 깨끗해요!",방문일,2번째 방문,"저녁에 방문, 예약 없이 이용, 대기 시간 바로 입장",혼밥하기 좋아요,21,2
1385509809,캐리958,마시쏘오용,방문일,1번째 방문,"점심에 방문, 예약 없이 이용, 대기 시간 바로 입장, 데이트, 연인・배우자",음식이 맛있어요,2,1
1385509809,chl****,너무 맛있고 깨끗합니다,방문일,1번째 방문,"저녁에 방문, 예약 없이 이용, 대기 시간 바로 입장, 데이트, 연인・배우자",음식이 맛있어요,12,1
1385509809,히즈니,너무 예쁘게 잘나와용!! 다음에 또올게요,방문일,1번째 방문,"점심에 방문, 예약 없이 이용, 대기 시간 바로 입장, 친목, 친구",음식이 맛있어요,36,1
1385509809,Sophia 소피아,맛있어요!!,방문일,1번째 방문,"점심에 방문, 예약 없이 이용, 대기 시간 바로 입장, 일상, 친구",매장이 넓어요,20,1
1385509809,0메랑0,맛있어요!!! 음식도 매장도 귀여워요 ㅎㅎ,방문일,1번째 방문,"저녁에 방문, 예약 없이 이용, 대기 시간 바로 입장",음식이 맛있어요,28,1
1385509809,Eeeeeeeeeeu,너무 길어서 사진으로 남깁니다.,방문일,1번째 방문,"저녁에 방문, 예약 없이 이용, 대기 시간 바로 입장, 일상, 혼자",,14,1
1385509809,장민수426,처음으로 온 이대 다이코쿠야음식 퀄리티도 너무 좋고 양도 많아서 좋네요이대 주변 들리시는 분들 여기 한번씩 오셔서 맛 보고 가세요🫠,방문일,1번째 방문,"저녁에 방문, 예약 없이 이용, 대기 시간 바로 입장, 친목, 친구",음식이 맛있어요,10,1
1385509809,장혁 Janghyuk,일식 땡길 때 먹으로 오면 좋을 것 같아요!,방문일,1번째 방문,"저녁에 방문, 예약 없이 이용, 대기 시간 바로 입장, 일상, 기타",매장이 청결해요,26,1
1385509809,top****,매콤크림우동 맛있어요 진짜매콤해서 느끼하지도않고 양도많아요!!,방문일,1번째 방문,"점심에 방문, 예약 없이 이용, 대기 시간 바로 입장, 데이트, 연인・배우자",음식이 맛있어요,17,1
1385509809,joy****,가족모임으로 급하게 네이버 지도에서 찾아 온건데 정말 만족스러워요!! 메뉴 구성이 알차고 음식도 너무 맛있습니다 엄마도 동생도 엄청 좋아하네요 ㅎㅎ 담에 또 올게요!💓🥹,방문일,1번째 방문,"점심에 방문, 예약 없이 이용, 대기 시간 바로 입장, 가족모임, 부모님, 친척・형제",음식이 맛있어요,7,1
1385509809,행복하게84,오랜만에 온 이대에서 혼밥 장소를 찾다가 발견한 곳.매장이 깔끔하고 좋네요 :),방문일,1번째 방문,"점심에 방문, 예약 없이 이용, 대기 시간 바로 입장, 여행, 혼자",혼밥하기 좋아요,19,1
1385509809,됴도링,분위기도 좋고 맛도 너무 맛있어서 다음에 또 오고싶어요!!,방문일,1번째 방문,"점심에 방문, 예약 없이 이용, 대기 시간 바로 입장, 데이트, 연인・배우자",인테리어가 멋져요,17,1
1385509809,greenano6,"14000원짜리 덮밥에 터무니없는 구성김 두장, 미니고추절임 세개, 연어 7장가격, 맛 모두 개선이 필요함",방문일,1번째 방문,"저녁에 방문, 예약 없이 이용, 대기 시간 바로 입장, 데이트, 연인・배우자",,6,1
1385509809,조죠디,매장이 깨끗하고 좋아요!,방문일,1번째 방문,"저녁에 방문, 예약 없이 이용, 대기 시간 바로 입장, 데이트, 연인・배우자",메뉴 구성이 알차요,56,1
1385509809,JJ4731,규카츠를 오랜만에 먹었는데 너무 맛있었어요!! 메뉴 구성도 너무 좋은것 같아요ㅎㅎ 혼밥하러 자주 올게요!,방문일,1번째 방문,"저녁에 방문, 예약 없이 이용, 대기 시간 바로 입장",음식이 맛있어요,21,1
1385509809,hon****,고기가 맛있고 양도 많아요!!,방문일,1번째 방문,"저녁에 방문, 예약 없이 이용, 대기 시간 바로 입장, 친목, 나들이, 친구",음식이 맛있어요,6,1
1385509809,김지민4082,규카츠 가성비가 진짜 좋고 맛있어요!! 직원분들도 엄청 친절하세요!!😍,방문일,2번째 방문,"저녁에 방문, 예약 없이 이용, 대기 시간 바로 입장, 친목, 친구",음식이 맛있어요,11,2
1385509809,쪼3535,오픈시간대에 방문했는데 사람이 꽤 들어오고 있었어요!!음식도 빠르게 나오고 다 맛있었어요..🤤😍매장과 음식이 근사하고 좋은 시간 보내고 갑니다!!,방문일,1번째 방문,"점심에 방문, 예약 없이 이용, 대기 시간 바로 입장, 데이트, 친목, 연인・배우자, 친구, 지인・동료",인테리어가 멋져요,12,1
1385509809,팅커벨90,3번째 먹는 크림 우동입니다. 맵찔이는 좀 힘들 수 있지만 느끼함을 매콤하게 잡아 주어서 중독성있어요. 다른 메뉴도 먹고 싶은데 계속 이것만 먹네요 ㅠㅠ,방문일,1번째 방문,"저녁에 방문, 예약 없이 이용, 대기 시간 바로 입장, 일상, 혼자",음식이 맛있어요,10,1
1385509809,kim****,너무 맛있어요~~ 다음에 또 올게용,방문일,1번째 방문,"점심에 방문, 예약 없이 이용, 대기 시간 바로 입장, 친목, 친구",음식이 맛있어요,43,1
1385509809,배토끼토끼,맛나용,방문일,1번째 방문,"점심에 방문, 예약 없이 이용, 대기 시간 바로 입장, 친목, 친구",매장이 넓어요,22,1
1385509809,은재1164,맛있습니다!가게내부도 아늑하고 친구들하고 오기 좋은거같아요.,방문일,1번째 방문,"점심에 방문, 예약 없이 이용, 대기 시간 바로 입장, 일상, 친구",단체모임 하기 좋아요,14,1
1385509809,sehi9,메뉴가 많아서 고르는 재미가 있어요! 맛도 좋고 알차서 다음에 또 올거 같애요,방문일,1번째 방문,"점심에 방문, 예약 없이 이용, 대기 시간 바로 입장, 친목, 친구",음식이 맛있어요,7,1
1385509809,산책20,크림우동 꽤 매콤한데 맛있어요친구랑 밥 먹으러 오기 좋아요,방문일,1번째 방문,"점심에 방문, 예약 없이 이용, 대기 시간 바로 입장, 친목, 친구",음식이 맛있어요,3,1
1385509809,수댕73,우동 넘 맛있어요 다음엔 다른 메뉴도 먹어보고 싶어요 🩷,방문일,1번째 방문,"점심에 방문, 예약 없이 이용, 대기 시간 바로 입장, 친목, 친구",인테리어가 멋져요,9,1
1385509809,han****,"우동 먹고 싶었는데 매콤 우동 있어서 주문했어요:)) 딱 적당하게 맵고, 감태랑 명란 들어있어서 바다 느낌나고 맛있어요 ⛱️",방문일,1번째 방문,"점심에 방문, 예약 없이 이용, 대기 시간 바로 입장, 친구",음식이 맛있어요,2,1
1385509809,dms****,가게가 넓고 분위기가 좋아요 !! 음식도 맛있습니당 🤭,방문일,1번째 방문,"점심에 방문, 예약 없이 이용, 대기 시간 바로 입장",매장이 넓어요,19,1
1385509809,당근왕,가게도 너무 예쁘고 너무 맛있어요!!,방문일,1번째 방문,"저녁에 방문, 예약 없이 이용, 대기 시간 10분 이내, 친목, 친구",음식이 맛있어요,115,1
1385509809,어피치1374,맛있다고해서 와봤어요!,방문일,1번째 방문,"저녁에 방문, 예약 없이 이용, 대기 시간 바로 입장, 일상, 혼자",인테리어가 멋져요,30,1
1385509809,cho****,음식이 맛있고 매장이 깨끗합니다 직원 분들도 친절하세요,방문일,1번째 방문,"저녁에 방문, 예약 없이 이용, 대기 시간 10분 이내, 나들이, 친구",친절해요,2,1
1385509809,lee****,동생이랑 같이 왔는데 음식도 정갈하고 맛있어요 가격도 저렴한 편인거 같아요~~ 다음에도 올게요~~,방문일,1번째 방문,"저녁에 방문, 예약 없이 이용, 대기 시간 바로 입장, 친목, 친구",가성비가 좋아요,14,1
1385509809,kim****,음식이 맛있어요,방문일,1번째 방문,"저녁에 방문, 예약 없이 이용, 대기 시간 10분 이내, 일상, 친구",음식이 맛있어요,2,1
1385509809,Wexjenkcha,너무 맛있어요! 연어도 신선하고 가게 분위기도 굿~!,방문일,1번째 방문,"저녁에 방문, 예약 없이 이용, 대기 시간 바로 입장, 친목, 친구",음식이 맛있어요,9,1
1385509809,응응3374,맛잇아엄,방문일,1번째 방문,"저녁에 방문, 예약 없이 이용, 대기 시간 바로 입장, 친목, 친구",음식이 맛있어요,282,1
1385509809,nodxyen,친절하고 음식이 맛있어용❤️‍🔥✨✨,방문일,1번째 방문,"저녁에 방문, 예약 없이 이용, 대기 시간 바로 입장, 친목, 친구",매장이 넓어요,7,1
1385509809,105****,음식이 맛있어요 귯,방문일,1번째 방문,"저녁에 방문, 예약 없이 이용, 대기 시간 바로 입장, 친구",음식이 맛있어요,27,1
1385509809,dusskrud,너무맛있습니다🥹,방문일,1번째 방문,"점심에 방문, 예약 없이 이용, 대기 시간 바로 입장, 친목, 친구",음식이 맛있어요,60,1
1385509809,유정민9,규가츠랑 매콤크림나베우동이 맛있었어요오🥹🥹,방문일,1번째 방문,"점심에 방문, 예약 없이 이용, 대기 시간 바로 입장, 일상, 친구",음식이 맛있어요,4,1
1385509809,윤워터,너무맛있어요👍,방문일,1번째 방문,"점심에 방문, 예약 없이 이용, 대기 시간 바로 입장",음식이 맛있어요,28,1
1385509809,jou1102,깔끔한 분위기에서 맛있게 잘 먹었습니다 ! 직원분도 친절하시고 좋아용 ㅎㅎ,방문일,1번째 방문,"점심에 방문, 예약 없이 이용, 대기 시간 바로 입장, 데이트, 연인・배우자",음식이 맛있어요,27,1
1385509809,son****,크림우동 생각보다 매콤해서 매운 거 못 드시는 분들은 좀 매울 수 있을 것 같아요. 그리고 꾸덕하고 진한 느낌은 아닙니다 ㅠ 그래도 맛있었어요! 나중에 생각나면 또 올게요,방문일,1번째 방문,"점심에 방문, 예약 없이 이용, 대기 시간 바로 입장, 친목, 친구",음식이 맛있어요,23,1
1385509809,이지윤89,지난번 친구가 크림우동나베를 맛있게 먹어서 이번에 먹어보려고 방문했는데 사람이 많아 좀 기다렸지만 기다린 만큼 맛있게 먹었습니다!,방문일,1번째 방문,"저녁에 방문, 예약 없이 이용, 대기 시간 바로 입장, 친목, 친구",음식이 맛있어요,13,1
1385509809,luc****,진짜 이대 근처에 너무 맛있는 식당을 발견한 것 같아서 너무 행복해요ㅜㅡㅜ 앞으로 여기 자주 올 것 같아요!!,방문일,1번째 방문,"저녁에 방문, 예약 없이 이용, 대기 시간 바로 입장, 일상, 혼자",음식이 맛있어요,29,1
1385509809,윤젼64,맛있어요! 잘 먹고 갑니다,방문일,1번째 방문,"점심에 방문, 예약 없이 이용, 대기 시간 바로 입장, 일상, 친구",음식이 맛있어요,38,1
38232807,아어빙그렛,맛있어요!,방문일,1번째 방문,"저녁에 방문, 예약 없이 이용, 대기 시간 바로 입장, 친목, 친구",음식이 맛있어요,79,1
1751348952,토마도아,양이 많이 적은 편이지만 와사비 오일이 맘에 들어서 또 와볼 거 같습니다. 비싼 가격인 만큼 양 조금만 늘려주셨으면 좋겠어요.,방문일,1번째 방문,"저녁에 방문, 예약 없이 이용, 대기 시간 바로 입장, 친목, 친구",매장이 넓어요,14,1
37792177,도토리끼리,원하는 사람은 고수 추가할 수 있어서 좋아요🌿,방문일,2번째 방문,"점심에 방문, 예약 없이 이용, 대기 시간 10분 이내, 일상, 친구",음식이 맛있어요,516,2
12047074,SUBaK,채소 한가득 주시고 육수도 둘다 너무 맛있었어요! 매콤한 국물은 처음 먹어보는거였는데 꽤 칼칼하더라구요사진은 못 찍었지만 죽도 꼭 드세요 안먹었으면 아쉬웠을 정도로 죽이 진짜 맛있었어요ㅜㅜ,방문일,2번째 방문,"저녁에 방문, 예약 없이 이용, 대기 시간 10분 이내, 친목, 일상, 친구",음식이 맛있어요,1230,2
1385509809,kan****,일식이 너무 먹고 싶어서 검색하다가 찾아온 다이코쿠야 ✨✨ 이대 맛집이라는 소문 듣고 찾아왔어요 들어왔더니 넘나 많은 메뉴에 허걱 근데 맛은 또 기가 막혀요 스테이크동은 부드럽고 육질이 너무 좋더라고요 그리고 매콤크림우동나베는 살짝 매콤한 느낌에 크림과 명란 조합이라 굿굿 다들 다이코쿠야 한번 방문해보세용 ~~,방문일,1번째 방문,"저녁에 방문, 예약 없이 이용, 대기 시간 바로 입장, 데이트, 친구",친절해요,21,1
38232807,아어빙그렛,맛있어요!,방문일,1번째 방문,"저녁에 방문, 예약 없이 이용, 대기 시간 바로 입장, 친목, 친구",음식이 맛있어요,79,1
1751348952,토마도아,양이 많이 적은 편이지만 와사비 오일이 맘에 들어서 또 와볼 거 같습니다. 비싼 가격인 만큼 양 조금만 늘려주셨으면 좋겠어요.,방문일,1번째 방문,"저녁에 방문, 예약 없이 이용, 대기 시간 바로 입장, 친목, 친구",매장이 넓어요,14,1
37792177,도토리끼리,원하는 사람은 고수 추가할 수 있어서 좋아요🌿,방문일,2번째 방문,"점심에 방문, 예약 없이 이용, 대기 시간 10분 이내, 일상, 친구",음식이 맛있어요,516,2
12047074,SUBaK,채소 한가득 주시고 육수도 둘다 너무 맛있었어요! 매콤한 국물은 처음 먹어보는거였는데 꽤 칼칼하더라구요사진은 못 찍었지만 죽도 꼭 드세요 안먹었으면 아쉬웠을 정도로 죽이 진짜 맛있었어요ㅜㅜ,방문일,2번째 방문,"저녁에 방문, 예약 없이 이용, 대기 시간 10분 이내, 친목, 일상, 친구",음식이 맛있어요,1230,2
1385509809,kan****,일식이 너무 먹고 싶어서 검색하다가 찾아온 다이코쿠야 ✨✨ 이대 맛집이라는 소문 듣고 찾아왔어요 들어왔더니 넘나 많은 메뉴에 허걱 근데 맛은 또 기가 막혀요 스테이크동은 부드럽고 육질이 너무 좋더라고요 그리고 매콤크림우동나베는 살짝 매콤한 느낌에 크림과 명란 조합이라 굿굿 다들 다이코쿠야 한번 방문해보세용 ~~,방문일,1번째 방문,"저녁에 방문, 예약 없이 이용, 대기 시간 바로 입장, 데이트, 친구",친절해요,21,1
38232807,아어빙그렛,맛있어요!,방문일,1번째 방문,"저녁에 방문, 예약 없이 이용, 대기 시간 바로 입장, 친목, 친구",음식이 맛있어요,79,1
1751348952,토마도아,양이 많이 적은 편이지만 와사비 오일이 맘에 들어서 또 와볼 거 같습니다. 비싼 가격인 만큼 양 조금만 늘려주셨으면 좋겠어요.,방문일,1번째 방문,"저녁에 방문, 예약 없이 이용, 대기 시간 바로 입장, 친목, 친구",매장이 넓어요,14,1
37792177,도토리끼리,원하는 사람은 고수 추가할 수 있어서 좋아요🌿,방문일,2번째 방문,"점심에 방문, 예약 없이 이용, 대기 시간 10분 이내, 일상, 친구",음식이 맛있어요,516,2
38232807,아어빙그렛,맛있어요!,방문일,1번째 방문,"저녁에 방문, 예약 없이 이용, 대기 시간 바로 입장, 친목, 친구",음식이 맛있어요,79,1
38232807,아어빙그렛,맛있어요!,방문일,1번째 방문,"저녁에 방문, 예약 없이 이용, 대기 시간 바로 입장, 친목, 친구",음식이 맛있어요,79,1
1751348952,토마도아,양이 많이 적은 편이지만 와사비 오일이 맘에 들어서 또 와볼 거 같습니다. 비싼 가격인 만큼 양 조금만 늘려주셨으면 좋겠어요.,방문일,1번째 방문,"저녁에 방문, 예약 없이 이용, 대기 시간 바로 입장, 친목, 친구",매장이 넓어요,14,1
37792177,도토리끼리,원하는 사람은 고수 추가할 수 있어서 좋아요🌿,방문일,2번째 방문,"점심에 방문, 예약 없이 이용, 대기 시간 10분 이내, 일상, 친구",음식이 맛있어요,516,2
12047074,SUBaK,채소 한가득 주시고 육수도 둘다 너무 맛있었어요! 매콤한 국물은 처음 먹어보는거였는데 꽤 칼칼하더라구요사진은 못 찍었지만 죽도 꼭 드세요 안먹었으면 아쉬웠을 정도로 죽이 진짜 맛있었어요ㅜㅜ,방문일,2번째 방문,"저녁에 방문, 예약 없이 이용, 대기 시간 10분 이내, 친목, 일상, 친구",음식이 맛있어요,1230,2
1385509809,kan****,일식이 너무 먹고 싶어서 검색하다가 찾아온 다이코쿠야 ✨✨ 이대 맛집이라는 소문 듣고 찾아왔어요 들어왔더니 넘나 많은 메뉴에 허걱 근데 맛은 또 기가 막혀요 스테이크동은 부드럽고 육질이 너무 좋더라고요 그리고 매콤크림우동나베는 살짝 매콤한 느낌에 크림과 명란 조합이라 굿굿 다들 다이코쿠야 한번 방문해보세용 ~~,방문일,1번째 방문,"저녁에 방문, 예약 없이 이용, 대기 시간 바로 입장, 데이트, 친구",친절해요,21,1
38232807,아어빙그렛,맛있어요!,방문일,1번째 방문,"저녁에 방문, 예약 없이 이용, 대기 시간 바로 입장, 친목, 친구",음식이 맛있어요,79,1
1751348952,토마도아,양이 많이 적은 편이지만 와사비 오일이 맘에 들어서 또 와볼 거 같습니다. 비싼 가격인 만큼 양 조금만 늘려주셨으면 좋겠어요.,방문일,1번째 방문,"저녁에 방문, 예약 없이 이용, 대기 시간 바로 입장, 친목, 친구",매장이 넓어요,14,1
37792177,도토리끼리,원하는 사람은 고수 추가할 수 있어서 좋아요🌿,방문일,2번째 방문,"점심에 방문, 예약 없이 이용, 대기 시간 10분 이내, 일상, 친구",음식이 맛있어요,516,2
12047074,SUBaK,채소 한가득 주시고 육수도 둘다 너무 맛있었어요! 매콤한 국물은 처음 먹어보는거였는데 꽤 칼칼하더라구요사진은 못 찍었지만 죽도 꼭 드세요 안먹었으면 아쉬웠을 정도로 죽이 진짜 맛있었어요ㅜㅜ,방문일,2번째 방문,"저녁에 방문, 예약 없이 이용, 대기 시간 10분 이내, 친목, 일상, 친구",음식이 맛있어요,1230,2
1385509809,kan****,일식이 너무 먹고 싶어서 검색하다가 찾아온 다이코쿠야 ✨✨ 이대 맛집이라는 소문 듣고 찾아왔어요 들어왔더니 넘나 많은 메뉴에 허걱 근데 맛은 또 기가 막혀요 스테이크동은 부드럽고 육질이 너무 좋더라고요 그리고 매콤크림우동나베는 살짝 매콤한 느낌에 크림과 명란 조합이라 굿굿 다들 다이코쿠야 한번 방문해보세용 ~~,방문일,1번째 방문,"저녁에 방문, 예약 없이 이용, 대기 시간 바로 입장, 데이트, 친구",친절해요,21,1
38232807,아어빙그렛,맛있어요!,방문일,1번째 방문,"저녁에 방문, 예약 없이 이용, 대기 시간 바로 입장, 친목, 친구",음식이 맛있어요,79,1
1751348952,토마도아,양이 많이 적은 편이지만 와사비 오일이 맘에 들어서 또 와볼 거 같습니다. 비싼 가격인 만큼 양 조금만 늘려주셨으면 좋겠어요.,방문일,1번째 방문,"저녁에 방문, 예약 없이 이용, 대기 시간 바로 입장, 친목, 친구",매장이 넓어요,14,1
37792177,도토리끼리,원하는 사람은 고수 추가할 수 있어서 좋아요🌿,방문일,2번째 방문,"점심에 방문, 예약 없이 이용, 대기 시간 10분 이내, 일상, 친구",음식이 맛있어요,516,2
12047074,SUBaK,채소 한가득 주시고 육수도 둘다 너무 맛있었어요! 매콤한 국물은 처음 먹어보는거였는데 꽤 칼칼하더라구요사진은 못 찍었지만 죽도 꼭 드세요 안먹었으면 아쉬웠을 정도로 죽이 진짜 맛있었어요ㅜㅜ,방문일,2번째 방문,"저녁에 방문, 예약 없이 이용, 대기 시간 10분 이내, 친목, 일상, 친구",음식이 맛있어요,1230,2
1385509809,kan****,일식이 너무 먹고 싶어서 검색하다가 찾아온 다이코쿠야 ✨✨ 이대 맛집이라는 소문 듣고 찾아왔어요 들어왔더니 넘나 많은 메뉴에 허걱 근데 맛은 또 기가 막혀요 스테이크동은 부드럽고 육질이 너무 좋더라고요 그리고 매콤크림우동나베는 살짝 매콤한 느낌에 크림과 명란 조합이라 굿굿 다들 다이코쿠야 한번 방문해보세용 ~~,방문일,1번째 방문,"저녁에 방문, 예약 없이 이용, 대기 시간 바로 입장, 데이트, 친구",친절해요,21,1
38232807,아어빙그렛,맛있어요!,방문일,1번째 방문,"저녁에 방문, 예약 없이 이용, 대기 시간 바로 입장, 친목, 친구",음식이 맛있어요,79,1
1751348952,토마도아,양이 많이 적은 편이지만 와사비 오일이 맘에 들어서 또 와볼 거 같습니다. 비싼 가격인 만큼 양 조금만 늘려주셨으면 좋겠어요.,방문일,1번째 방문,"저녁에 방문, 예약 없이 이용, 대기 시간 바로 입장, 친목, 친구",매장이 넓어요,14,1
37792177,도토리끼리,원하는 사람은 고수 추가할 수 있어서 좋아요🌿,방문일,2번째 방문,"점심에 방문, 예약 없이 이용, 대기 시간 10분 이내, 일상, 친구",음식이 맛있어요,516,2
12047074,SUBaK,채소 한가득 주시고 육수도 둘다 너무 맛있었어요! 매콤한 국물은 처음 먹어보는거였는데 꽤 칼칼하더라구요사진은 못 찍었지만 죽도 꼭 드세요 안먹었으면 아쉬웠을 정도로 죽이 진짜 맛있었어요ㅜㅜ,방문일,2번째 방문,"저녁에 방문, 예약 없이 이용, 대기 시간 10분 이내, 친목, 일상, 친구",음식이 맛있어요,1230,2
1385509809,kan****,일식이 너무 먹고 싶어서 검색하다가 찾아온 다이코쿠야 ✨✨ 이대 맛집이라는 소문 듣고 찾아왔어요 들어왔더니 넘나 많은 메뉴에 허걱 근데 맛은 또 기가 막혀요 스테이크동은 부드럽고 육질이 너무 좋더라고요 그리고 매콤크림우동나베는 살짝 매콤한 느낌에 크림과 명란 조합이라 굿굿 다들 다이코쿠야 한번 방문해보세용 ~~,방문일,1번째 방문,"저녁에 방문, 예약 없이 이용, 대기 시간 바로 입장, 데이트, 친구",친절해요,21,1
38232807,아어빙그렛,맛있어요!,방문일,1번째 방문,"저녁에 방문, 예약 없이 이용, 대기 시간 바로 입장, 친목, 친구",음식이 맛있어요,79,1
1751348952,토마도아,양이 많이 적은 편이지만 와사비 오일이 맘에 들어서 또 와볼 거 같습니다. 비싼 가격인 만큼 양 조금만 늘려주셨으면 좋겠어요.,방문일,1번째 방문,"저녁에 방문, 예약 없이 이용, 대기 시간 바로 입장, 친목, 친구",매장이 넓어요,14,1
37792177,도토리끼리,원하는 사람은 고수 추가할 수 있어서 좋아요🌿,방문일,2번째 방문,"점심에 방문, 예약 없이 이용, 대기 시간 10분 이내, 일상, 친구",음식이 맛있어요,516,2
12047074,SUBaK,채소 한가득 주시고 육수도 둘다 너무 맛있었어요! 매콤한 국물은 처음 먹어보는거였는데 꽤 칼칼하더라구요사진은 못 찍었지만 죽도 꼭 드세요 안먹었으면 아쉬웠을 정도로 죽이 진짜 맛있었어요ㅜㅜ,방문일,2번째 방문,"저녁에 방문, 예약 없이 이용, 대기 시간 10분 이내, 친목, 일상, 친구",음식이 맛있어요,1230,2
1385509809,kan****,일식이 너무 먹고 싶어서 검색하다가 찾아온 다이코쿠야 ✨✨ 이대 맛집이라는 소문 듣고 찾아왔어요 들어왔더니 넘나 많은 메뉴에 허걱 근데 맛은 또 기가 막혀요 스테이크동은 부드럽고 육질이 너무 좋더라고요 그리고 매콤크림우동나베는 살짝 매콤한 느낌에 크림과 명란 조합이라 굿굿 다들 다이코쿠야 한번 방문해보세용 ~~,방문일,1번째 방문,"저녁에 방문, 예약 없이 이용, 대기 시간 바로 입장, 데이트, 친구",친절해요,21,1
38232807,아어빙그렛,맛있어요!,방문일,1번째 방문,"저녁에 방문, 예약 없이 이용, 대기 시간 바로 입장, 친목, 친구",음식이 맛있어요,79,1
1751348952,토마도아,양이 많이 적은 편이지만 와사비 오일이 맘에 들어서 또 와볼 거 같습니다. 비싼 가격인 만큼 양 조금만 늘려주셨으면 좋겠어요.,방문일,1번째 방문,"저녁에 방문, 예약 없이 이용, 대기 시간 바로 입장, 친목, 친구",매장이 넓어요,14,1
37792177,도토리끼리,원하는 사람은 고수 추가할 수 있어서 좋아요🌿,방문일,2번째 방문,"점심에 방문, 예약 없이 이용, 대기 시간 10분 이내, 일상, 친구",음식이 맛있어요,516,2
12047074,SUBaK,채소 한가득 주시고 육수도 둘다 너무 맛있었어요! 매콤한 국물은 처음 먹어보는거였는데 꽤 칼칼하더라구요사진은 못 찍었지만 죽도 꼭 드세요 안먹었으면 아쉬웠을 정도로 죽이 진짜 맛있었어요ㅜㅜ,방문일,2번째 방문,"저녁에 방문, 예약 없이 이용, 대기 시간 10분 이내, 친목, 일상, 친구",음식이 맛있어요,1230,2
1385509809,kan****,일식이 너무 먹고 싶어서 검색하다가 찾아온 다이코쿠야 ✨✨ 이대 맛집이라는 소문 듣고 찾아왔어요 들어왔더니 넘나 많은 메뉴에 허걱 근데 맛은 또 기가 막혀요 스테이크동은 부드럽고 육질이 너무 좋더라고요 그리고 매콤크림우동나베는 살짝 매콤한 느낌에 크림과 명란 조합이라 굿굿 다들 다이코쿠야 한번 방문해보세용 ~~,방문일,1번째 방문,"저녁에 방문, 예약 없이 이용, 대기 시간 바로 입장, 데이트, 친구",친절해요,21,1
